Date,Open,High,Low,Close,Adj Close,Volume,stock_name
2012-01-03,1.7599999904632568,1.7599999904632568,1.6799999475479126,1.7599999904632568,1.7599999904632568,109475,INO
2012-01-04,1.7999999523162842,1.840000033378601,1.7599999904632568,1.7999999523162842,1.7999999523162842,123050,INO
2012-01-05,1.7999999523162842,1.7999999523162842,1.6799999475479126,1.7200000286102295,1.7200000286102295,172850,INO
2012-01-06,1.7599999904632568,1.7999999523162842,1.7200000286102295,1.7599999904632568,1.7599999904632568,47500,INO
2012-01-09,1.7599999904632568,1.8799999952316284,1.7200000286102295,1.7999999523162842,1.7999999523162842,188375,INO
2012-01-10,1.8799999952316284,1.8799999952316284,1.7200000286102295,1.7999999523162842,1.7999999523162842,111875,INO
2012-01-11,1.7200000286102295,1.7999999523162842,1.7200000286102295,1.7200000286102295,1.7200000286102295,83375,INO
2012-01-12,1.7200000286102295,1.7999999523162842,1.7200000286102295,1.7599999904632568,1.7599999904632568,98400,INO
2012-01-13,1.7599999904632568,1.7599999904632568,1.6799999475479126,1.7200000286102295,1.7200000286102295,80975,INO
2012-01-17,1.7200000286102295,1.7200000286102295,1.600000023841858,1.6799999475479126,1.6799999475479126,518775,INO
2012-01-18,1.7999999523162842,1.7999999523162842,1.6799999475479126,1.6799999475479126,1.6799999475479126,181050,INO
2012-01-19,1.6799999475479126,1.7200000286102295,1.6399999856948853,1.6399999856948853,1.6399999856948853,173350,INO
2012-01-20,1.7200000286102295,1.7599999904632568,1.6799999475479126,1.7200000286102295,1.7200000286102295,194900,INO
2012-01-23,1.7200000286102295,2.0799999237060547,1.6799999475479126,2.0,2.0,461600,INO
2012-01-24,2.0799999237060547,2.240000009536743,2.039999961853028,2.1600000858306885,2.1600000858306885,363775,INO
2012-01-25,2.319999933242798,2.319999933242798,2.0,2.1600000858306885,2.1600000858306885,133650,INO
2012-01-26,2.200000047683716,2.240000009536743,2.119999885559082,2.200000047683716,2.200000047683716,140875,INO
2012-01-27,2.2799999713897705,2.440000057220459,2.1600000858306885,2.400000095367432,2.400000095367432,205675,INO
2012-01-30,2.440000057220459,2.440000057220459,2.200000047683716,2.2799999713897705,2.2799999713897705,122750,INO
2012-01-31,2.559999942779541,2.759999990463257,2.319999933242798,2.720000028610229,2.720000028610229,727775,INO
2012-02-01,2.799999952316284,3.5999999046325684,2.799999952316284,2.9600000381469727,2.9600000381469727,1224475,INO
2012-02-02,3.0,3.1600000858306885,2.680000066757202,2.759999990463257,2.759999990463257,360900,INO
2012-02-03,2.880000114440918,2.9200000762939453,2.680000066757202,2.720000028610229,2.720000028610229,186450,INO
2012-02-06,2.8399999141693115,2.880000114440918,2.5199999809265137,2.640000104904175,2.640000104904175,236825,INO
2012-02-07,2.640000104904175,2.880000114440918,2.5199999809265137,2.759999990463257,2.759999990463257,287225,INO
2012-02-08,2.799999952316284,2.880000114440918,2.720000028610229,2.759999990463257,2.759999990463257,83350,INO
2012-02-09,2.640000104904175,2.880000114440918,2.640000104904175,2.640000104904175,2.640000104904175,93725,INO
2012-02-10,2.640000104904175,2.720000028610229,2.5999999046325684,2.640000104904175,2.640000104904175,60400,INO
2012-02-13,2.680000066757202,2.8399999141693115,2.640000104904175,2.640000104904175,2.640000104904175,96225,INO
2012-02-14,2.680000066757202,2.759999990463257,2.5199999809265137,2.559999942779541,2.559999942779541,95775,INO
2012-02-15,2.559999942779541,2.640000104904175,2.440000057220459,2.440000057220459,2.440000057220459,168525,INO
2012-02-16,2.400000095367432,2.400000095367432,2.200000047683716,2.200000047683716,2.200000047683716,263400,INO
2012-02-17,2.200000047683716,2.559999942779541,2.1600000858306885,2.5199999809265137,2.5199999809265137,193350,INO
2012-02-21,2.5199999809265137,2.5999999046325684,2.319999933242798,2.4800000190734863,2.4800000190734863,131250,INO
2012-02-22,2.5999999046325684,2.680000066757202,2.359999895095825,2.359999895095825,2.359999895095825,128700,INO
2012-02-23,2.359999895095825,2.4800000190734863,2.359999895095825,2.400000095367432,2.400000095367432,81875,INO
2012-02-24,2.4800000190734863,2.4800000190734863,2.359999895095825,2.359999895095825,2.359999895095825,55300,INO
2012-02-27,2.4800000190734863,2.4800000190734863,2.319999933242798,2.319999933242798,2.319999933242798,85250,INO
2012-02-28,2.4800000190734863,2.4800000190734863,2.319999933242798,2.400000095367432,2.400000095367432,65400,INO
2012-02-29,2.400000095367432,2.400000095367432,2.319999933242798,2.319999933242798,2.319999933242798,80225,INO
2012-03-01,2.240000009536743,2.319999933242798,2.240000009536743,2.2799999713897705,2.2799999713897705,65100,INO
2012-03-02,2.359999895095825,2.4800000190734863,2.2799999713897705,2.4800000190734863,2.4800000190734863,47575,INO
2012-03-05,2.5999999046325684,2.5999999046325684,2.4800000190734863,2.5999999046325684,2.5999999046325684,124600,INO
2012-03-06,2.5999999046325684,2.680000066757202,2.4800000190734863,2.5199999809265137,2.5199999809265137,82450,INO
2012-03-07,2.4800000190734863,2.5999999046325684,2.400000095367432,2.5199999809265137,2.5199999809265137,59750,INO
2012-03-08,2.559999942779541,2.5999999046325684,2.4800000190734863,2.559999942779541,2.559999942779541,78000,INO
2012-03-09,2.440000057220459,2.5999999046325684,2.440000057220459,2.5199999809265137,2.5199999809265137,63800,INO
2012-03-12,2.4800000190734863,2.559999942779541,2.440000057220459,2.4800000190734863,2.4800000190734863,49500,INO
2012-03-13,2.759999990463257,2.759999990463257,2.4800000190734863,2.5999999046325684,2.5999999046325684,318250,INO
2012-03-14,2.680000066757202,2.680000066757202,2.440000057220459,2.4800000190734863,2.4800000190734863,103325,INO
2012-03-15,2.4800000190734863,2.5999999046325684,2.400000095367432,2.400000095367432,2.400000095367432,97000,INO
2012-03-16,2.400000095367432,2.5199999809265137,2.319999933242798,2.319999933242798,2.319999933242798,106475,INO
2012-03-19,2.359999895095825,2.400000095367432,2.319999933242798,2.359999895095825,2.359999895095825,28425,INO
2012-03-20,2.440000057220459,2.440000057220459,2.359999895095825,2.400000095367432,2.400000095367432,92275,INO
2012-03-21,2.5999999046325684,2.5999999046325684,2.359999895095825,2.4800000190734863,2.4800000190734863,119825,INO
2012-03-22,2.4800000190734863,2.559999942779541,2.440000057220459,2.440000057220459,2.440000057220459,138300,INO
2012-03-23,2.4800000190734863,2.4800000190734863,2.359999895095825,2.440000057220459,2.440000057220459,75725,INO
2012-03-26,2.720000028610229,2.720000028610229,2.4800000190734863,2.4800000190734863,2.4800000190734863,289750,INO
2012-03-27,2.5999999046325684,2.680000066757202,2.4800000190734863,2.680000066757202,2.680000066757202,97025,INO
2012-03-28,2.8399999141693115,2.8399999141693115,2.5999999046325684,2.759999990463257,2.759999990463257,171500,INO
2012-03-29,2.799999952316284,2.799999952316284,2.5999999046325684,2.5999999046325684,2.5999999046325684,104875,INO
2012-03-30,2.5999999046325684,2.720000028610229,2.5999999046325684,2.680000066757202,2.680000066757202,76925,INO
2012-04-02,2.799999952316284,2.8399999141693115,2.680000066757202,2.759999990463257,2.759999990463257,162250,INO
2012-04-03,2.799999952316284,2.799999952316284,2.720000028610229,2.759999990463257,2.759999990463257,81150,INO
2012-04-04,2.799999952316284,2.799999952316284,2.559999942779541,2.640000104904175,2.640000104904175,133575,INO
2012-04-05,2.640000104904175,2.759999990463257,2.5199999809265137,2.680000066757202,2.680000066757202,168025,INO
2012-04-09,2.640000104904175,2.720000028610229,2.5199999809265137,2.5999999046325684,2.5999999046325684,149250,INO
2012-04-10,2.640000104904175,2.680000066757202,2.400000095367432,2.4800000190734863,2.4800000190734863,77725,INO
2012-04-11,2.440000057220459,2.5199999809265137,2.319999933242798,2.400000095367432,2.400000095367432,127775,INO
2012-04-12,2.400000095367432,2.440000057220459,2.400000095367432,2.400000095367432,2.400000095367432,55300,INO
2012-04-13,2.400000095367432,2.5199999809265137,2.400000095367432,2.4800000190734863,2.4800000190734863,73925,INO
2012-04-16,2.559999942779541,2.559999942779541,2.359999895095825,2.400000095367432,2.400000095367432,51900,INO
2012-04-17,2.400000095367432,2.440000057220459,2.400000095367432,2.400000095367432,2.400000095367432,40775,INO
2012-04-18,2.400000095367432,2.400000095367432,2.359999895095825,2.400000095367432,2.400000095367432,31725,INO
2012-04-19,2.400000095367432,2.400000095367432,2.359999895095825,2.400000095367432,2.400000095367432,56800,INO
2012-04-20,2.359999895095825,2.400000095367432,2.319999933242798,2.319999933242798,2.319999933242798,67250,INO
2012-04-23,2.319999933242798,2.319999933242798,2.1600000858306885,2.240000009536743,2.240000009536743,184075,INO
2012-04-24,2.240000009536743,2.2799999713897705,2.1600000858306885,2.1600000858306885,2.1600000858306885,75725,INO
2012-04-25,2.200000047683716,2.319999933242798,2.119999885559082,2.119999885559082,2.119999885559082,103200,INO
2012-04-26,2.119999885559082,2.240000009536743,2.119999885559082,2.1600000858306885,2.1600000858306885,77850,INO
2012-04-27,2.200000047683716,2.200000047683716,2.119999885559082,2.1600000858306885,2.1600000858306885,51950,INO
2012-04-30,2.0799999237060547,2.240000009536743,2.0799999237060547,2.1600000858306885,2.1600000858306885,43350,INO
2012-05-01,2.200000047683716,2.2799999713897705,2.1600000858306885,2.1600000858306885,2.1600000858306885,85050,INO
2012-05-02,2.240000009536743,2.240000009536743,2.119999885559082,2.119999885559082,2.119999885559082,38525,INO
2012-05-03,2.1600000858306885,2.200000047683716,2.119999885559082,2.1600000858306885,2.1600000858306885,36300,INO
2012-05-04,2.119999885559082,2.200000047683716,2.119999885559082,2.119999885559082,2.119999885559082,41750,INO
2012-05-07,2.119999885559082,2.1600000858306885,2.0799999237060547,2.119999885559082,2.119999885559082,37200,INO
2012-05-08,2.119999885559082,2.1600000858306885,1.9600000381469729,2.0,2.0,108250,INO
2012-05-09,2.0,2.039999961853028,1.9600000381469729,1.9600000381469729,1.9600000381469729,57500,INO
2012-05-10,1.7999999523162842,1.9600000381469729,1.600000023841858,1.9600000381469729,1.9600000381469729,151000,INO
2012-05-11,1.9600000381469729,2.039999961853028,1.9600000381469729,2.0,2.0,75000,INO
2012-05-14,2.0,2.039999961853028,1.8799999952316284,1.9600000381469729,1.9600000381469729,54750,INO
2012-05-15,1.8799999952316284,2.0,1.8799999952316284,1.919999957084656,1.919999957084656,55900,INO
2012-05-16,1.7200000286102295,1.919999957084656,1.6399999856948853,1.840000033378601,1.840000033378601,173125,INO
2012-05-17,1.8799999952316284,1.8799999952316284,1.7599999904632568,1.7999999523162842,1.7999999523162842,109350,INO
2012-05-18,1.919999957084656,1.919999957084656,1.7200000286102295,1.840000033378601,1.840000033378601,87050,INO
2012-05-21,1.7999999523162842,1.840000033378601,1.7599999904632568,1.840000033378601,1.840000033378601,32150,INO
2012-05-22,1.840000033378601,1.8799999952316284,1.7200000286102295,1.7999999523162842,1.7999999523162842,48975,INO
2012-05-23,1.7999999523162842,1.7999999523162842,1.7200000286102295,1.7599999904632568,1.7599999904632568,58075,INO
2012-05-24,1.7599999904632568,2.0,1.7599999904632568,1.840000033378601,1.840000033378601,172900,INO
2012-05-25,1.8799999952316284,1.8799999952316284,1.7599999904632568,1.7999999523162842,1.7999999523162842,53000,INO
2012-05-29,1.7999999523162842,1.8799999952316284,1.7599999904632568,1.7599999904632568,1.7599999904632568,51000,INO
2012-05-30,1.7599999904632568,1.840000033378601,1.6799999475479126,1.7599999904632568,1.7599999904632568,45250,INO
2012-05-31,1.7599999904632568,1.7599999904632568,1.6399999856948853,1.6799999475479126,1.6799999475479126,66550,INO
2012-06-01,1.6799999475479126,1.7999999523162842,1.6799999475479126,1.6799999475479126,1.6799999475479126,49050,INO
2012-06-04,1.6399999856948853,1.6399999856948853,1.600000023841858,1.600000023841858,1.600000023841858,92625,INO
2012-06-05,1.6799999475479126,1.6799999475479126,1.559999942779541,1.600000023841858,1.600000023841858,50050,INO
2012-06-06,1.6399999856948853,1.6799999475479126,1.600000023841858,1.6399999856948853,1.6399999856948853,68150,INO
2012-06-07,1.6799999475479126,1.7999999523162842,1.6399999856948853,1.7599999904632568,1.7599999904632568,54500,INO
2012-06-08,1.6799999475479126,1.7200000286102295,1.600000023841858,1.6799999475479126,1.6799999475479126,48975,INO
2012-06-11,1.600000023841858,1.7200000286102295,1.600000023841858,1.6399999856948853,1.6399999856948853,82000,INO
2012-06-12,1.7200000286102295,1.7599999904632568,1.600000023841858,1.7200000286102295,1.7200000286102295,43375,INO
2012-06-13,1.7200000286102295,1.7599999904632568,1.5199999809265137,1.600000023841858,1.600000023841858,100250,INO
2012-06-14,1.600000023841858,1.6799999475479126,1.600000023841858,1.6399999856948853,1.6399999856948853,55850,INO
2012-06-15,1.6399999856948853,1.7200000286102295,1.600000023841858,1.600000023841858,1.600000023841858,39700,INO
2012-06-18,1.6399999856948853,1.6799999475479126,1.600000023841858,1.6399999856948853,1.6399999856948853,24475,INO
2012-06-19,1.6399999856948853,1.7599999904632568,1.600000023841858,1.7200000286102295,1.7200000286102295,75275,INO
2012-06-20,1.6799999475479126,1.8799999952316284,1.6799999475479126,1.840000033378601,1.840000033378601,87625,INO
2012-06-21,1.919999957084656,2.1600000858306885,1.7999999523162842,2.0799999237060547,2.0799999237060547,102875,INO
2012-06-22,2.0799999237060547,2.0799999237060547,1.840000033378601,1.9600000381469729,1.9600000381469729,85275,INO
2012-06-25,2.240000009536743,2.240000009536743,1.840000033378601,1.840000033378601,1.840000033378601,38075,INO
2012-06-26,1.840000033378601,1.840000033378601,1.6799999475479126,1.7200000286102295,1.7200000286102295,27525,INO
2012-06-27,1.7999999523162842,1.840000033378601,1.7200000286102295,1.840000033378601,1.840000033378601,37100,INO
2012-06-28,1.840000033378601,1.919999957084656,1.7999999523162842,1.8799999952316284,1.8799999952316284,7950,INO
2012-06-29,1.8799999952316284,1.919999957084656,1.7999999523162842,1.840000033378601,1.840000033378601,12475,INO
2012-07-02,1.7999999523162842,1.8799999952316284,1.7599999904632568,1.840000033378601,1.840000033378601,9400,INO
2012-07-03,1.7999999523162842,1.919999957084656,1.7999999523162842,1.8799999952316284,1.8799999952316284,25725,INO
2012-07-05,1.840000033378601,1.9600000381469729,1.840000033378601,1.9600000381469729,1.9600000381469729,32350,INO
2012-07-06,2.0,2.0,1.9600000381469729,1.9600000381469729,1.9600000381469729,43400,INO
2012-07-09,2.0,2.0,1.919999957084656,1.919999957084656,1.919999957084656,40075,INO
2012-07-10,1.9600000381469729,1.9600000381469729,1.8799999952316284,1.919999957084656,1.919999957084656,24200,INO
2012-07-11,1.919999957084656,1.919999957084656,1.7999999523162842,1.7999999523162842,1.7999999523162842,53325,INO
2012-07-12,1.7999999523162842,1.8799999952316284,1.7999999523162842,1.840000033378601,1.840000033378601,19825,INO
2012-07-13,1.840000033378601,1.919999957084656,1.840000033378601,1.919999957084656,1.919999957084656,23125,INO
2012-07-16,1.919999957084656,2.039999961853028,1.8799999952316284,2.0,2.0,75750,INO
2012-07-17,2.0,2.0799999237060547,2.0,2.0,2.0,41950,INO
2012-07-18,2.0799999237060547,2.359999895095825,1.9600000381469729,2.200000047683716,2.200000047683716,177975,INO
2012-07-19,2.200000047683716,2.2799999713897705,2.1600000858306885,2.240000009536743,2.240000009536743,145100,INO
2012-07-20,2.2799999713897705,2.2799999713897705,1.9600000381469729,2.0799999237060547,2.0799999237060547,73125,INO
2012-07-23,2.200000047683716,2.200000047683716,1.919999957084656,2.0,2.0,74350,INO
2012-07-24,2.0,2.0,1.8799999952316284,1.919999957084656,1.919999957084656,37600,INO
2012-07-25,1.9600000381469729,1.9600000381469729,1.840000033378601,1.840000033378601,1.840000033378601,60600,INO
2012-07-26,1.840000033378601,1.919999957084656,1.7999999523162842,1.8799999952316284,1.8799999952316284,52400,INO
2012-07-27,1.919999957084656,1.919999957084656,1.7999999523162842,1.840000033378601,1.840000033378601,31775,INO
2012-07-30,1.840000033378601,2.0,1.840000033378601,1.9600000381469729,1.9600000381469729,59825,INO
2012-07-31,2.0,2.0,1.7999999523162842,1.919999957084656,1.919999957084656,95925,INO
2012-08-01,2.119999885559082,2.119999885559082,1.7999999523162842,2.0,2.0,53550,INO
2012-08-02,2.0,2.039999961853028,1.919999957084656,2.0,2.0,61450,INO
2012-08-03,2.039999961853028,2.0799999237060547,2.0,2.0799999237060547,2.0799999237060547,62125,INO
2012-08-06,2.119999885559082,2.1600000858306885,2.0,2.119999885559082,2.119999885559082,42450,INO
2012-08-07,2.0799999237060547,2.2799999713897705,2.0799999237060547,2.2799999713897705,2.2799999713897705,102000,INO
2012-08-08,2.240000009536743,2.240000009536743,2.119999885559082,2.1600000858306885,2.1600000858306885,22325,INO
2012-08-09,2.200000047683716,2.200000047683716,2.119999885559082,2.200000047683716,2.200000047683716,27300,INO
2012-08-10,2.119999885559082,2.200000047683716,2.119999885559082,2.200000047683716,2.200000047683716,30050,INO
2012-08-13,2.200000047683716,2.319999933242798,2.1600000858306885,2.240000009536743,2.240000009536743,63600,INO
2012-08-14,2.2799999713897705,2.2799999713897705,2.119999885559082,2.1600000858306885,2.1600000858306885,65200,INO
2012-08-15,2.359999895095825,2.359999895095825,2.1600000858306885,2.200000047683716,2.200000047683716,42000,INO
2012-08-16,2.1600000858306885,2.200000047683716,2.119999885559082,2.119999885559082,2.119999885559082,37475,INO
2012-08-17,2.119999885559082,2.200000047683716,2.0799999237060547,2.200000047683716,2.200000047683716,29900,INO
2012-08-20,2.2799999713897705,2.319999933242798,2.0799999237060547,2.2799999713897705,2.2799999713897705,124825,INO
2012-08-21,2.2799999713897705,2.2799999713897705,2.200000047683716,2.240000009536743,2.240000009536743,35350,INO
2012-08-22,2.200000047683716,2.2799999713897705,2.1600000858306885,2.2799999713897705,2.2799999713897705,83900,INO
2012-08-23,2.2799999713897705,2.2799999713897705,2.1600000858306885,2.240000009536743,2.240000009536743,48750,INO
2012-08-24,2.1600000858306885,2.440000057220459,2.1600000858306885,2.359999895095825,2.359999895095825,259250,INO
2012-08-27,2.359999895095825,2.440000057220459,2.319999933242798,2.359999895095825,2.359999895095825,73125,INO
2012-08-28,2.359999895095825,2.359999895095825,2.319999933242798,2.319999933242798,2.319999933242798,47250,INO
2012-08-29,2.319999933242798,2.400000095367432,2.319999933242798,2.319999933242798,2.319999933242798,57450,INO
2012-08-30,2.400000095367432,2.400000095367432,2.200000047683716,2.200000047683716,2.200000047683716,87050,INO
2012-08-31,2.240000009536743,2.2799999713897705,2.1600000858306885,2.200000047683716,2.200000047683716,60275,INO
2012-09-04,2.200000047683716,2.200000047683716,2.039999961853028,2.1600000858306885,2.1600000858306885,121275,INO
2012-09-05,2.1600000858306885,2.200000047683716,2.119999885559082,2.1600000858306885,2.1600000858306885,53600,INO
2012-09-06,2.359999895095825,2.400000095367432,2.119999885559082,2.200000047683716,2.200000047683716,690275,INO
2012-09-07,2.319999933242798,2.319999933242798,2.240000009536743,2.2799999713897705,2.2799999713897705,136025,INO
2012-09-10,2.359999895095825,2.4800000190734863,2.319999933242798,2.440000057220459,2.440000057220459,242425,INO
2012-09-11,2.400000095367432,2.4800000190734863,2.359999895095825,2.440000057220459,2.440000057220459,138450,INO
2012-09-12,2.440000057220459,2.4800000190734863,2.359999895095825,2.359999895095825,2.359999895095825,82425,INO
2012-09-13,2.440000057220459,2.4800000190734863,2.319999933242798,2.359999895095825,2.359999895095825,152600,INO
2012-09-14,2.400000095367432,2.4800000190734863,2.319999933242798,2.319999933242798,2.319999933242798,53425,INO
2012-09-17,2.440000057220459,2.440000057220459,2.359999895095825,2.440000057220459,2.440000057220459,107200,INO
2012-09-18,2.440000057220459,2.559999942779541,2.400000095367432,2.5199999809265137,2.5199999809265137,254900,INO
2012-09-19,2.559999942779541,2.680000066757202,2.5199999809265137,2.559999942779541,2.559999942779541,215700,INO
2012-09-20,2.640000104904175,2.640000104904175,2.4800000190734863,2.5199999809265137,2.5199999809265137,152575,INO
2012-09-21,2.559999942779541,2.559999942779541,2.400000095367432,2.400000095367432,2.400000095367432,135425,INO
2012-09-24,2.400000095367432,2.559999942779541,2.400000095367432,2.4800000190734863,2.4800000190734863,129150,INO
2012-09-25,2.5999999046325684,2.5999999046325684,2.400000095367432,2.400000095367432,2.400000095367432,89050,INO
2012-09-26,2.400000095367432,2.4800000190734863,2.039999961853028,2.359999895095825,2.359999895095825,190500,INO
2012-09-27,2.319999933242798,2.4800000190734863,2.319999933242798,2.400000095367432,2.400000095367432,65975,INO
2012-09-28,2.319999933242798,2.400000095367432,2.319999933242798,2.359999895095825,2.359999895095825,59450,INO
2012-10-01,2.359999895095825,2.440000057220459,2.359999895095825,2.440000057220459,2.440000057220459,56925,INO
2012-10-02,2.440000057220459,2.4800000190734863,2.240000009536743,2.359999895095825,2.359999895095825,79000,INO
2012-10-03,2.319999933242798,2.440000057220459,2.319999933242798,2.359999895095825,2.359999895095825,47650,INO
2012-10-04,2.5199999809265137,2.5999999046325684,2.359999895095825,2.359999895095825,2.359999895095825,182175,INO
2012-10-05,2.5999999046325684,2.5999999046325684,2.400000095367432,2.4800000190734863,2.4800000190734863,159725,INO
2012-10-08,2.559999942779541,2.5999999046325684,2.440000057220459,2.4800000190734863,2.4800000190734863,84050,INO
2012-10-09,2.4800000190734863,2.559999942779541,2.400000095367432,2.440000057220459,2.440000057220459,104325,INO
2012-10-10,2.5199999809265137,3.039999961853028,2.440000057220459,2.799999952316284,2.799999952316284,1425825,INO
2012-10-11,2.880000114440918,2.9600000381469727,2.759999990463257,2.8399999141693115,2.8399999141693115,624375,INO
2012-10-12,2.9200000762939453,2.9200000762939453,2.720000028610229,2.8399999141693115,2.8399999141693115,197150,INO
2012-10-15,2.880000114440918,2.880000114440918,2.5999999046325684,2.720000028610229,2.720000028610229,235675,INO
2012-10-16,2.8399999141693115,2.8399999141693115,2.640000104904175,2.759999990463257,2.759999990463257,182675,INO
2012-10-17,2.759999990463257,2.759999990463257,2.4800000190734863,2.5199999809265137,2.5199999809265137,216825,INO
2012-10-18,2.9600000381469727,2.9600000381469727,2.4800000190734863,2.720000028610229,2.720000028610229,186200,INO
2012-10-19,2.799999952316284,2.799999952316284,2.5999999046325684,2.759999990463257,2.759999990463257,126650,INO
2012-10-22,3.0,3.0,2.759999990463257,2.880000114440918,2.880000114440918,268600,INO
2012-10-23,2.880000114440918,2.9600000381469727,2.799999952316284,2.880000114440918,2.880000114440918,287725,INO
2012-10-24,2.8399999141693115,2.880000114440918,2.759999990463257,2.880000114440918,2.880000114440918,102325,INO
2012-10-25,2.880000114440918,2.9200000762939453,2.8399999141693115,2.880000114440918,2.880000114440918,57400,INO
2012-10-26,2.880000114440918,2.880000114440918,2.759999990463257,2.799999952316284,2.799999952316284,107575,INO
2012-10-31,2.799999952316284,2.880000114440918,2.799999952316284,2.880000114440918,2.880000114440918,56775,INO
2012-11-01,2.8399999141693115,2.880000114440918,2.799999952316284,2.799999952316284,2.799999952316284,64775,INO
2012-11-02,2.799999952316284,2.880000114440918,2.680000066757202,2.720000028610229,2.720000028610229,146875,INO
2012-11-05,2.799999952316284,2.799999952316284,2.680000066757202,2.720000028610229,2.720000028610229,60800,INO
2012-11-06,2.720000028610229,2.759999990463257,2.5999999046325684,2.640000104904175,2.640000104904175,117475,INO
2012-11-07,2.759999990463257,2.759999990463257,2.5999999046325684,2.680000066757202,2.680000066757202,98750,INO
2012-11-08,2.5999999046325684,2.5999999046325684,2.359999895095825,2.440000057220459,2.440000057220459,359450,INO
2012-11-09,2.440000057220459,2.440000057220459,2.1600000858306885,2.1600000858306885,2.1600000858306885,355800,INO
2012-11-12,2.440000057220459,2.440000057220459,2.200000047683716,2.2799999713897705,2.2799999713897705,219900,INO
2012-11-13,2.200000047683716,2.359999895095825,2.0799999237060547,2.119999885559082,2.119999885559082,304300,INO
2012-11-14,2.0799999237060547,2.2799999713897705,1.8799999952316284,2.0,2.0,418125,INO
2012-11-15,2.0,2.0,1.7599999904632568,1.840000033378601,1.840000033378601,405000,INO
2012-11-16,1.7999999523162842,2.039999961853028,1.7999999523162842,1.9600000381469729,1.9600000381469729,271775,INO
2012-11-19,2.0,2.0,1.840000033378601,1.840000033378601,1.840000033378601,162275,INO
2012-11-20,1.7999999523162842,2.0,1.7999999523162842,1.8799999952316284,1.8799999952316284,92275,INO
2012-11-21,2.0,2.0,1.8799999952316284,1.8799999952316284,1.8799999952316284,149075,INO
2012-11-23,1.8799999952316284,2.0,1.8799999952316284,1.919999957084656,1.919999957084656,78750,INO
2012-11-26,1.9600000381469729,2.0,1.840000033378601,1.840000033378601,1.840000033378601,194375,INO
2012-11-27,1.919999957084656,2.0799999237060547,1.8799999952316284,2.0,2.0,649800,INO
2012-11-28,2.119999885559082,2.2799999713897705,2.0799999237060547,2.1600000858306885,2.1600000858306885,947200,INO
2012-11-29,2.2799999713897705,2.2799999713897705,2.119999885559082,2.119999885559082,2.119999885559082,482475,INO
2012-11-30,2.200000047683716,2.240000009536743,2.039999961853028,2.119999885559082,2.119999885559082,504425,INO
2012-12-03,2.200000047683716,2.240000009536743,2.119999885559082,2.1600000858306885,2.1600000858306885,165900,INO
2012-12-04,2.319999933242798,2.319999933242798,2.119999885559082,2.1600000858306885,2.1600000858306885,344050,INO
2012-12-05,2.2799999713897705,2.2799999713897705,2.0799999237060547,2.119999885559082,2.119999885559082,213125,INO
2012-12-06,2.0799999237060547,2.240000009536743,2.0,2.039999961853028,2.039999961853028,838200,INO
2012-12-07,2.0,2.0799999237060547,1.919999957084656,1.919999957084656,1.919999957084656,437850,INO
2012-12-10,2.0799999237060547,2.0799999237060547,1.840000033378601,1.919999957084656,1.919999957084656,377925,INO
2012-12-11,2.0,2.0799999237060547,1.8799999952316284,1.9600000381469729,1.9600000381469729,277350,INO
2012-12-12,1.9600000381469729,2.039999961853028,1.919999957084656,2.0,2.0,434775,INO
2012-12-13,2.0,2.039999961853028,1.8799999952316284,2.0,2.0,449050,INO
2012-12-14,2.0,2.0,1.8799999952316284,1.9600000381469729,1.9600000381469729,277000,INO
2012-12-17,2.0,2.1600000858306885,1.919999957084656,2.039999961853028,2.039999961853028,407075,INO
2012-12-18,2.119999885559082,2.1600000858306885,2.039999961853028,2.0799999237060547,2.0799999237060547,172950,INO
2012-12-19,2.119999885559082,2.119999885559082,2.039999961853028,2.0799999237060547,2.0799999237060547,118325,INO
2012-12-20,2.0799999237060547,2.0799999237060547,2.039999961853028,2.0799999237060547,2.0799999237060547,73325,INO
2012-12-21,2.0,2.0799999237060547,1.9600000381469729,2.0799999237060547,2.0799999237060547,214950,INO
2012-12-24,2.0799999237060547,2.240000009536743,2.0,2.0,2.0,40925,INO
2012-12-26,2.039999961853028,2.039999961853028,1.9600000381469729,2.0,2.0,85575,INO
2012-12-27,2.0799999237060547,2.0799999237060547,1.9600000381469729,1.9600000381469729,1.9600000381469729,118250,INO
2012-12-28,1.9600000381469729,2.0,1.9600000381469729,1.9600000381469729,1.9600000381469729,98900,INO
2012-12-31,1.840000033378601,2.0,1.840000033378601,2.0,2.0,137975,INO
2013-01-02,2.039999961853028,2.0799999237060547,2.0,2.0,2.0,164950,INO
2013-01-03,2.0799999237060547,2.0799999237060547,2.0,2.0799999237060547,2.0799999237060547,174125,INO
2013-01-04,2.0799999237060547,2.1600000858306885,2.039999961853028,2.119999885559082,2.119999885559082,202725,INO
2013-01-07,2.400000095367432,2.5199999809265137,2.1600000858306885,2.4800000190734863,2.4800000190734863,1005625,INO
2013-01-08,2.4800000190734863,2.759999990463257,2.440000057220459,2.4800000190734863,2.4800000190734863,762175,INO
2013-01-09,2.720000028610229,2.720000028610229,2.400000095367432,2.5199999809265137,2.5199999809265137,463900,INO
2013-01-10,2.5199999809265137,2.559999942779541,2.440000057220459,2.4800000190734863,2.4800000190734863,202525,INO
2013-01-11,2.5999999046325684,2.5999999046325684,2.359999895095825,2.400000095367432,2.400000095367432,365650,INO
2013-01-14,2.559999942779541,2.559999942779541,2.440000057220459,2.559999942779541,2.559999942779541,320875,INO
2013-01-15,2.5999999046325684,2.759999990463257,2.5999999046325684,2.680000066757202,2.680000066757202,531500,INO
2013-01-16,2.720000028610229,2.759999990463257,2.5999999046325684,2.680000066757202,2.680000066757202,474525,INO
2013-01-17,2.720000028610229,2.880000114440918,2.640000104904175,2.880000114440918,2.880000114440918,883575,INO
2013-01-18,3.0,3.0,2.8399999141693115,2.880000114440918,2.880000114440918,773425,INO
2013-01-22,2.880000114440918,2.9600000381469727,2.799999952316284,2.880000114440918,2.880000114440918,597525,INO
2013-01-23,2.880000114440918,2.9200000762939453,2.640000104904175,2.759999990463257,2.759999990463257,770550,INO
2013-01-24,2.759999990463257,2.759999990463257,2.4800000190734863,2.5999999046325684,2.5999999046325684,416950,INO
2013-01-25,2.5199999809265137,2.640000104904175,2.4800000190734863,2.5199999809265137,2.5199999809265137,350275,INO
2013-01-28,2.5199999809265137,2.680000066757202,2.4800000190734863,2.5999999046325684,2.5999999046325684,254025,INO
2013-01-29,2.720000028610229,2.759999990463257,2.5999999046325684,2.640000104904175,2.640000104904175,233100,INO
2013-01-30,2.720000028610229,2.720000028610229,2.5199999809265137,2.559999942779541,2.559999942779541,163500,INO
2013-01-31,2.680000066757202,2.759999990463257,2.5999999046325684,2.640000104904175,2.640000104904175,254000,INO
2013-02-01,2.880000114440918,2.9200000762939453,2.759999990463257,2.8399999141693115,2.8399999141693115,815825,INO
2013-02-04,2.880000114440918,2.9200000762939453,2.8399999141693115,2.880000114440918,2.880000114440918,334925,INO
2013-02-05,2.9600000381469727,3.240000009536743,2.9200000762939453,3.200000047683716,3.200000047683716,1366975,INO
2013-02-06,3.319999933242798,3.319999933242798,3.0,3.2799999713897705,3.2799999713897705,1123275,INO
2013-02-07,3.2799999713897705,3.2799999713897705,3.0799999237060547,3.119999885559082,3.119999885559082,454725,INO
2013-02-08,3.1600000858306885,3.200000047683716,3.039999961853028,3.119999885559082,3.119999885559082,359875,INO
2013-02-11,3.119999885559082,3.200000047683716,3.0,3.0799999237060547,3.0799999237060547,235150,INO
2013-02-12,3.1600000858306885,3.200000047683716,2.880000114440918,2.880000114440918,2.880000114440918,536725,INO
2013-02-13,2.9200000762939453,3.039999961853028,2.880000114440918,2.9200000762939453,2.9200000762939453,236875,INO
2013-02-14,2.9600000381469727,2.9600000381469727,2.880000114440918,2.9200000762939453,2.9200000762939453,141450,INO
2013-02-15,2.9600000381469727,2.9600000381469727,2.880000114440918,2.9200000762939453,2.9200000762939453,143875,INO
2013-02-19,3.0,3.0,2.9600000381469727,2.9600000381469727,2.9600000381469727,234200,INO
2013-02-20,3.0,3.119999885559082,2.9200000762939453,2.9200000762939453,2.9200000762939453,469650,INO
2013-02-21,2.9600000381469727,2.9600000381469727,2.680000066757202,2.8399999141693115,2.8399999141693115,517325,INO
2013-02-22,2.8399999141693115,2.8399999141693115,2.720000028610229,2.720000028610229,2.720000028610229,157125,INO
2013-02-25,2.759999990463257,2.799999952316284,2.5999999046325684,2.5999999046325684,2.5999999046325684,259875,INO
2013-02-26,2.720000028610229,2.759999990463257,2.5999999046325684,2.640000104904175,2.640000104904175,136250,INO
2013-02-27,2.759999990463257,2.799999952316284,2.640000104904175,2.720000028610229,2.720000028610229,154800,INO
2013-02-28,2.759999990463257,2.799999952316284,2.640000104904175,2.759999990463257,2.759999990463257,138350,INO
2013-03-01,2.680000066757202,2.759999990463257,2.680000066757202,2.680000066757202,2.680000066757202,114325,INO
2013-03-04,2.680000066757202,2.799999952316284,2.5999999046325684,2.720000028610229,2.720000028610229,112900,INO
2013-03-05,2.799999952316284,2.799999952316284,2.680000066757202,2.759999990463257,2.759999990463257,158825,INO
2013-03-06,2.759999990463257,2.8399999141693115,2.720000028610229,2.759999990463257,2.759999990463257,149200,INO
2013-03-07,2.0799999237060547,2.1600000858306885,2.039999961853028,2.0799999237060547,2.0799999237060547,2265550,INO
2013-03-08,2.1600000858306885,2.1600000858306885,2.0799999237060547,2.1600000858306885,2.1600000858306885,724700,INO
2013-03-11,2.1600000858306885,2.2799999713897705,2.119999885559082,2.119999885559082,2.119999885559082,746150,INO
2013-03-12,2.200000047683716,2.200000047683716,2.119999885559082,2.1600000858306885,2.1600000858306885,412675,INO
2013-03-13,2.1600000858306885,2.200000047683716,2.1600000858306885,2.1600000858306885,2.1600000858306885,748550,INO
2013-03-14,2.200000047683716,2.200000047683716,2.119999885559082,2.1600000858306885,2.1600000858306885,723300,INO
2013-03-15,2.1600000858306885,2.1600000858306885,2.119999885559082,2.1600000858306885,2.1600000858306885,308375,INO
2013-03-18,2.1600000858306885,2.1600000858306885,2.119999885559082,2.119999885559082,2.119999885559082,327550,INO
2013-03-19,2.119999885559082,2.1600000858306885,2.119999885559082,2.119999885559082,2.119999885559082,545750,INO
2013-03-20,2.119999885559082,2.1600000858306885,2.039999961853028,2.039999961853028,2.039999961853028,495950,INO
2013-03-21,2.0799999237060547,2.1600000858306885,2.0799999237060547,2.119999885559082,2.119999885559082,469950,INO
2013-03-22,2.1600000858306885,2.319999933242798,2.119999885559082,2.319999933242798,2.319999933242798,580075,INO
2013-03-25,2.200000047683716,2.240000009536743,2.1600000858306885,2.240000009536743,2.240000009536743,609375,INO
2013-03-26,2.240000009536743,2.2799999713897705,2.200000047683716,2.240000009536743,2.240000009536743,682800,INO
2013-03-27,2.2799999713897705,2.400000095367432,2.240000009536743,2.359999895095825,2.359999895095825,1018250,INO
2013-03-28,2.359999895095825,2.5199999809265137,2.359999895095825,2.400000095367432,2.400000095367432,895775,INO
2013-04-01,2.4800000190734863,2.4800000190734863,2.2799999713897705,2.2799999713897705,2.2799999713897705,460600,INO
2013-04-02,2.0799999237060547,2.0799999237060547,1.9600000381469729,2.0799999237060547,2.0799999237060547,1259550,INO
2013-04-03,2.039999961853028,2.119999885559082,2.039999961853028,2.039999961853028,2.039999961853028,372100,INO
2013-04-04,2.039999961853028,2.0799999237060547,2.039999961853028,2.039999961853028,2.039999961853028,397275,INO
2013-04-05,2.0799999237060547,2.119999885559082,2.039999961853028,2.0799999237060547,2.0799999237060547,422675,INO
2013-04-08,2.119999885559082,2.200000047683716,2.0799999237060547,2.200000047683716,2.200000047683716,454025,INO
2013-04-09,2.200000047683716,2.240000009536743,2.1600000858306885,2.1600000858306885,2.1600000858306885,436225,INO
2013-04-10,2.2799999713897705,2.319999933242798,2.200000047683716,2.2799999713897705,2.2799999713897705,532125,INO
2013-04-11,2.319999933242798,2.359999895095825,2.319999933242798,2.359999895095825,2.359999895095825,530175,INO
2013-04-12,2.400000095367432,2.400000095367432,2.319999933242798,2.319999933242798,2.319999933242798,195700,INO
2013-04-15,2.319999933242798,2.319999933242798,2.1600000858306885,2.200000047683716,2.200000047683716,455725,INO
2013-04-16,2.1600000858306885,2.319999933242798,2.1600000858306885,2.1600000858306885,2.1600000858306885,314700,INO
2013-04-17,2.200000047683716,2.2799999713897705,2.1600000858306885,2.2799999713897705,2.2799999713897705,249750,INO
2013-04-18,2.359999895095825,2.359999895095825,2.200000047683716,2.2799999713897705,2.2799999713897705,671125,INO
2013-04-19,2.2799999713897705,2.319999933242798,2.200000047683716,2.2799999713897705,2.2799999713897705,272900,INO
2013-04-22,2.2799999713897705,2.319999933242798,2.240000009536743,2.240000009536743,2.240000009536743,164000,INO
2013-04-23,2.319999933242798,2.319999933242798,2.240000009536743,2.240000009536743,2.240000009536743,136125,INO
2013-04-24,2.200000047683716,2.319999933242798,2.200000047683716,2.319999933242798,2.319999933242798,209875,INO
2013-04-25,2.359999895095825,2.359999895095825,2.319999933242798,2.359999895095825,2.359999895095825,294050,INO
2013-04-26,2.359999895095825,2.440000057220459,2.319999933242798,2.359999895095825,2.359999895095825,465975,INO
2013-04-29,2.400000095367432,2.559999942779541,2.359999895095825,2.5199999809265137,2.5199999809265137,741150,INO
2013-04-30,2.559999942779541,2.5999999046325684,2.359999895095825,2.440000057220459,2.440000057220459,666350,INO
2013-05-01,2.440000057220459,2.4800000190734863,2.359999895095825,2.400000095367432,2.400000095367432,229725,INO
2013-05-02,2.400000095367432,2.4800000190734863,2.400000095367432,2.440000057220459,2.440000057220459,159800,INO
2013-05-03,2.400000095367432,2.4800000190734863,2.359999895095825,2.400000095367432,2.400000095367432,281125,INO
2013-05-06,2.359999895095825,2.4800000190734863,2.359999895095825,2.400000095367432,2.400000095367432,205875,INO
2013-05-07,2.400000095367432,2.440000057220459,2.400000095367432,2.400000095367432,2.400000095367432,155925,INO
2013-05-08,2.440000057220459,2.4800000190734863,2.400000095367432,2.400000095367432,2.400000095367432,131050,INO
2013-05-09,2.400000095367432,2.4800000190734863,2.400000095367432,2.440000057220459,2.440000057220459,119975,INO
2013-05-10,2.440000057220459,2.4800000190734863,2.400000095367432,2.4800000190734863,2.4800000190734863,209075,INO
2013-05-13,2.400000095367432,2.4800000190734863,2.400000095367432,2.4800000190734863,2.4800000190734863,194200,INO
2013-05-14,2.5999999046325684,2.759999990463257,2.559999942779541,2.640000104904175,2.640000104904175,1286650,INO
2013-05-15,2.680000066757202,2.720000028610229,2.640000104904175,2.640000104904175,2.640000104904175,407025,INO
2013-05-16,2.640000104904175,2.680000066757202,2.5199999809265137,2.640000104904175,2.640000104904175,398650,INO
2013-05-17,2.720000028610229,2.720000028610229,2.5999999046325684,2.680000066757202,2.680000066757202,436125,INO
2013-05-20,2.759999990463257,2.759999990463257,2.680000066757202,2.720000028610229,2.720000028610229,428700,INO
2013-05-21,2.680000066757202,2.880000114440918,2.680000066757202,2.8399999141693115,2.8399999141693115,690050,INO
2013-05-22,2.880000114440918,2.9200000762939453,2.799999952316284,2.799999952316284,2.799999952316284,504075,INO
2013-05-23,2.799999952316284,2.799999952316284,2.680000066757202,2.759999990463257,2.759999990463257,484600,INO
2013-05-24,2.799999952316284,2.8399999141693115,2.720000028610229,2.8399999141693115,2.8399999141693115,210500,INO
2013-05-28,2.880000114440918,2.880000114440918,2.759999990463257,2.759999990463257,2.759999990463257,344975,INO
2013-05-29,2.880000114440918,2.880000114440918,2.720000028610229,2.720000028610229,2.720000028610229,304300,INO
2013-05-30,2.759999990463257,2.799999952316284,2.720000028610229,2.799999952316284,2.799999952316284,153625,INO
2013-05-31,2.759999990463257,2.799999952316284,2.720000028610229,2.720000028610229,2.720000028610229,260825,INO
2013-06-03,2.680000066757202,2.720000028610229,2.5999999046325684,2.5999999046325684,2.5999999046325684,443125,INO
2013-06-04,2.5999999046325684,2.720000028610229,2.5999999046325684,2.720000028610229,2.720000028610229,141675,INO
2013-06-05,2.759999990463257,2.759999990463257,2.640000104904175,2.680000066757202,2.680000066757202,197375,INO
2013-06-06,2.680000066757202,2.759999990463257,2.640000104904175,2.720000028610229,2.720000028610229,201100,INO
2013-06-07,2.720000028610229,2.799999952316284,2.680000066757202,2.680000066757202,2.680000066757202,94925,INO
2013-06-10,2.680000066757202,2.720000028610229,2.640000104904175,2.640000104904175,2.640000104904175,196250,INO
2013-06-11,2.640000104904175,2.640000104904175,2.559999942779541,2.559999942779541,2.559999942779541,262475,INO
2013-06-12,2.559999942779541,2.5999999046325684,2.559999942779541,2.559999942779541,2.559999942779541,242925,INO
2013-06-13,2.5999999046325684,2.5999999046325684,2.440000057220459,2.4800000190734863,2.4800000190734863,372875,INO
2013-06-14,2.720000028610229,2.759999990463257,2.559999942779541,2.680000066757202,2.680000066757202,658475,INO
2013-06-17,2.720000028610229,2.799999952316284,2.680000066757202,2.720000028610229,2.720000028610229,409100,INO
2013-06-18,2.720000028610229,2.799999952316284,2.720000028610229,2.799999952316284,2.799999952316284,276125,INO
2013-06-19,2.640000104904175,2.799999952316284,2.640000104904175,2.799999952316284,2.799999952316284,189600,INO
2013-06-20,2.759999990463257,2.759999990463257,2.640000104904175,2.640000104904175,2.640000104904175,273675,INO
2013-06-21,2.680000066757202,2.799999952316284,2.640000104904175,2.799999952316284,2.799999952316284,209950,INO
2013-06-24,2.759999990463257,2.799999952316284,2.640000104904175,2.799999952316284,2.799999952316284,179825,INO
2013-06-25,2.799999952316284,2.8399999141693115,2.799999952316284,2.799999952316284,2.799999952316284,559975,INO
2013-06-26,2.880000114440918,3.0,2.799999952316284,3.0,3.0,791550,INO
2013-06-27,3.0799999237060547,3.119999885559082,2.9600000381469727,3.0,3.0,854325,INO
2013-06-28,3.0799999237060547,3.200000047683716,3.039999961853028,3.200000047683716,3.200000047683716,783950,INO
2013-07-01,3.2799999713897705,4.0,3.2799999713897705,3.559999942779541,3.559999942779541,2656325,INO
2013-07-02,3.759999990463257,3.839999914169312,3.400000095367432,3.4800000190734863,3.4800000190734863,1636475,INO
2013-07-03,3.400000095367432,3.5199999809265137,3.200000047683716,3.400000095367432,3.400000095367432,911200,INO
2013-07-05,3.5199999809265137,3.5199999809265137,3.2799999713897705,3.400000095367432,3.400000095367432,599475,INO
2013-07-08,3.640000104904175,4.039999961853027,3.5999999046325684,3.799999952316284,3.799999952316284,2463125,INO
2013-07-09,3.880000114440918,4.800000190734863,3.839999914169312,4.71999979019165,4.71999979019165,2401375,INO
2013-07-10,5.480000019073486,6.28000020980835,5.28000020980835,5.880000114440918,5.880000114440918,8226200,INO
2013-07-11,5.760000228881836,5.920000076293945,4.679999828338623,5.199999809265137,5.199999809265137,5186425,INO
2013-07-12,5.0,5.119999885559082,4.480000019073486,4.920000076293945,4.920000076293945,2525475,INO
2013-07-15,4.71999979019165,5.28000020980835,4.519999980926514,5.159999847412109,5.159999847412109,1790100,INO
2013-07-16,5.199999809265137,5.360000133514404,4.840000152587891,4.960000038146973,4.960000038146973,1190525,INO
2013-07-17,5.0,5.0,4.71999979019165,4.800000190734863,4.800000190734863,1099025,INO
2013-07-18,5.28000020980835,5.320000171661377,4.880000114440918,5.0,5.0,1474225,INO
2013-07-19,5.039999961853027,5.039999961853027,4.800000190734863,4.960000038146973,4.960000038146973,617350,INO
2013-07-22,5.0,5.159999847412109,4.960000038146973,5.039999961853027,5.039999961853027,572975,INO
2013-07-23,5.119999885559082,5.159999847412109,5.0,5.079999923706055,5.079999923706055,559225,INO
2013-07-24,5.360000133514404,5.679999828338623,5.320000171661377,5.559999942779541,5.559999942779541,2251025,INO
2013-07-25,5.599999904632568,6.0,5.599999904632568,5.960000038146973,5.960000038146973,2004625,INO
2013-07-26,5.960000038146973,6.0,5.400000095367432,5.760000228881836,5.760000228881836,1352050,INO
2013-07-29,6.0,6.0,5.599999904632568,5.800000190734863,5.800000190734863,1023350,INO
2013-07-30,5.920000076293945,7.480000019073486,5.760000228881836,7.480000019073486,7.480000019073486,3783025,INO
2013-07-31,7.159999847412109,8.800000190734863,6.800000190734863,7.0,7.0,8492950,INO
2013-08-01,7.679999828338623,8.279999732971191,7.28000020980835,7.800000190734863,7.800000190734863,3101700,INO
2013-08-02,8.0,8.4399995803833,7.800000190734863,8.319999694824219,8.319999694824219,2458325,INO
2013-08-05,8.960000038146973,12.0,8.720000267028809,12.0,12.0,5661500,INO
2013-08-06,11.279999732971191,12.119999885559082,9.199999809265137,10.399999618530272,10.399999618530272,7406100,INO
2013-08-07,9.15999984741211,9.15999984741211,7.079999923706055,7.679999828338623,7.679999828338623,7076150,INO
2013-08-08,8.359999656677246,8.760000228881836,8.039999961853027,8.479999542236328,8.479999542236328,2455725,INO
2013-08-09,8.0,8.239999771118164,7.480000019073486,7.679999828338623,7.679999828338623,2143850,INO
2013-08-12,5.960000038146973,6.760000228881836,5.679999828338623,6.119999885559082,6.119999885559082,4308600,INO
2013-08-13,6.440000057220459,6.559999942779541,5.880000114440918,6.119999885559082,6.119999885559082,1612750,INO
2013-08-14,6.159999847412109,6.199999809265137,6.0,6.039999961853027,6.039999961853027,953650,INO
2013-08-15,7.0,7.159999847412109,6.199999809265137,6.360000133514404,6.360000133514404,2726125,INO
2013-08-16,6.199999809265137,6.199999809265137,5.440000057220459,5.760000228881836,5.760000228881836,2510100,INO
2013-08-19,5.840000152587891,5.840000152587891,5.28000020980835,5.440000057220459,5.440000057220459,1219825,INO
2013-08-20,5.400000095367432,5.400000095367432,4.880000114440918,5.079999923706055,5.079999923706055,2206500,INO
2013-08-21,5.079999923706055,6.800000190734863,5.039999961853027,6.71999979019165,6.71999979019165,4234800,INO
2013-08-22,6.440000057220459,7.599999904632568,6.039999961853027,6.400000095367432,6.400000095367432,4372800,INO
2013-08-23,7.0,7.119999885559082,6.400000095367432,6.639999866485596,6.639999866485596,2105700,INO
2013-08-26,6.840000152587891,7.28000020980835,6.679999828338623,6.880000114440918,6.880000114440918,1382400,INO
2013-08-27,6.840000152587891,6.960000038146973,6.599999904632568,6.599999904632568,6.599999904632568,853450,INO
2013-08-28,6.71999979019165,6.880000114440918,6.599999904632568,6.599999904632568,6.599999904632568,571350,INO
2013-08-29,6.920000076293945,7.0,6.639999866485596,6.840000152587891,6.840000152587891,801650,INO
2013-08-30,6.960000038146973,7.159999847412109,6.71999979019165,6.800000190734863,6.800000190734863,978575,INO
2013-09-03,7.159999847412109,8.0,6.920000076293945,7.679999828338623,7.679999828338623,2850475,INO
2013-09-04,8.0,8.600000381469727,7.920000076293945,8.079999923706055,8.079999923706055,3469350,INO
2013-09-05,8.119999885559082,8.5600004196167,8.119999885559082,8.4399995803833,8.4399995803833,1763625,INO
2013-09-06,8.720000267028809,9.800000190734863,8.4399995803833,9.720000267028809,9.720000267028809,4040550,INO
2013-09-09,10.68000030517578,11.0,8.0,8.880000114440918,8.880000114440918,8327725,INO
2013-09-10,11.479999542236328,11.68000030517578,9.479999542236328,10.199999809265137,10.199999809265137,9030575,INO
2013-09-11,10.31999969482422,10.399999618530272,9.600000381469728,9.800000190734863,9.800000190734863,3221775,INO
2013-09-12,9.4399995803833,9.800000190734863,8.880000114440918,8.920000076293945,8.920000076293945,3825125,INO
2013-09-13,8.960000038146973,9.600000381469728,8.920000076293945,9.399999618530272,9.399999618530272,2341125,INO
2013-09-16,9.84000015258789,10.15999984741211,9.520000457763672,9.760000228881836,9.760000228881836,3229850,INO
2013-09-17,9.800000190734863,10.0,9.359999656677246,9.399999618530272,9.399999618530272,1447950,INO
2013-09-18,9.600000381469728,9.68000030517578,9.15999984741211,9.4399995803833,9.4399995803833,1223550,INO
2013-09-19,9.600000381469728,9.640000343322754,9.279999732971191,9.31999969482422,9.31999969482422,895300,INO
2013-09-20,9.399999618530272,9.4399995803833,8.640000343322754,8.720000267028809,8.720000267028809,1928450,INO
2013-09-23,8.880000114440918,9.359999656677246,8.239999771118164,8.600000381469727,8.600000381469727,1767900,INO
2013-09-24,9.15999984741211,9.199999809265137,8.520000457763672,8.520000457763672,8.520000457763672,1501425,INO
2013-09-25,8.760000228881836,8.960000038146973,8.479999542236328,8.720000267028809,8.720000267028809,1142175,INO
2013-09-26,8.920000076293945,9.0,8.720000267028809,8.880000114440918,8.880000114440918,772425,INO
2013-09-27,8.760000228881836,8.880000114440918,8.5600004196167,8.640000343322754,8.640000343322754,761300,INO
2013-09-30,8.199999809265137,8.5600004196167,8.079999923706055,8.279999732971191,8.279999732971191,1337875,INO
2013-10-01,8.279999732971191,8.640000343322754,8.279999732971191,8.520000457763672,8.520000457763672,754225,INO
2013-10-02,8.399999618530273,8.5600004196167,8.279999732971191,8.319999694824219,8.319999694824219,576575,INO
2013-10-03,8.319999694824219,8.479999542236328,8.199999809265137,8.319999694824219,8.319999694824219,648025,INO
2013-10-04,8.399999618530273,8.960000038146973,8.319999694824219,8.84000015258789,8.84000015258789,1399025,INO
2013-10-07,9.039999961853027,9.399999618530272,8.920000076293945,9.31999969482422,9.31999969482422,2072600,INO
2013-10-08,9.4399995803833,9.520000457763672,8.4399995803833,8.479999542236328,8.479999542236328,1708525,INO
2013-10-09,8.680000305175781,8.760000228881836,8.239999771118164,8.520000457763672,8.520000457763672,1116350,INO
2013-10-10,8.760000228881836,8.84000015258789,8.4399995803833,8.4399995803833,8.4399995803833,791875,INO
2013-10-11,8.4399995803833,8.479999542236328,8.199999809265137,8.239999771118164,8.239999771118164,827150,INO
2013-10-14,8.0,8.079999923706055,7.440000057220459,7.599999904632568,7.599999904632568,1609500,INO
2013-10-15,7.599999904632568,7.880000114440918,7.559999942779541,7.599999904632568,7.599999904632568,745850,INO
2013-10-16,7.880000114440918,8.239999771118164,7.679999828338623,8.199999809265137,8.199999809265137,1058400,INO
2013-10-17,8.520000457763672,8.680000305175781,8.399999618530273,8.520000457763672,8.520000457763672,895325,INO
2013-10-18,8.4399995803833,8.600000381469727,8.199999809265137,8.359999656677246,8.359999656677246,817450,INO
2013-10-21,8.600000381469727,8.680000305175781,8.319999694824219,8.479999542236328,8.479999542236328,875375,INO
2013-10-22,8.640000343322754,8.760000228881836,8.520000457763672,8.640000343322754,8.640000343322754,1007000,INO
2013-10-23,8.399999618530273,8.600000381469727,8.199999809265137,8.359999656677246,8.359999656677246,774525,INO
2013-10-24,8.279999732971191,8.319999694824219,7.71999979019165,7.920000076293945,7.920000076293945,1330875,INO
2013-10-25,8.0,8.079999923706055,7.880000114440918,8.0,8.0,370025,INO
2013-10-28,8.039999961853027,8.119999885559082,7.800000190734863,7.800000190734863,7.800000190734863,644975,INO
2013-10-29,7.920000076293945,7.920000076293945,7.639999866485596,7.760000228881836,7.760000228881836,412125,INO
2013-10-30,7.760000228881836,7.800000190734863,7.0,7.159999847412109,7.159999847412109,1594800,INO
2013-10-31,7.079999923706055,7.079999923706055,6.519999980926514,6.920000076293945,6.920000076293945,1314600,INO
2013-11-01,7.0,7.079999923706055,6.639999866485596,7.0,7.0,517675,INO
2013-11-04,7.599999904632568,7.639999866485596,7.320000171661377,7.599999904632568,7.599999904632568,725800,INO
2013-11-05,7.599999904632568,7.639999866485596,7.440000057220459,7.599999904632568,7.599999904632568,480375,INO
2013-11-06,7.599999904632568,7.599999904632568,7.159999847412109,7.400000095367432,7.400000095367432,517325,INO
2013-11-07,7.28000020980835,7.480000019073486,7.0,7.119999885559082,7.119999885559082,484025,INO
2013-11-08,7.119999885559082,7.559999942779541,7.0,7.559999942779541,7.559999942779541,505375,INO
2013-11-11,7.599999904632568,7.880000114440918,7.400000095367432,7.559999942779541,7.559999942779541,601075,INO
2013-11-12,7.71999979019165,7.800000190734863,7.0,7.0,7.0,856750,INO
2013-11-13,6.800000190734863,7.480000019073486,6.800000190734863,7.480000019073486,7.480000019073486,628750,INO
2013-11-14,7.480000019073486,8.239999771118164,7.119999885559082,8.039999961853027,8.039999961853027,1244600,INO
2013-11-15,8.239999771118164,8.359999656677246,7.920000076293945,8.0,8.0,801850,INO
2013-11-18,8.199999809265137,8.199999809265137,7.480000019073486,7.599999904632568,7.599999904632568,518600,INO
2013-11-19,7.639999866485596,7.800000190734863,7.440000057220459,7.679999828338623,7.679999828338623,303275,INO
2013-11-20,8.600000381469727,8.720000267028809,8.119999885559082,8.119999885559082,8.119999885559082,1859050,INO
2013-11-21,8.199999809265137,8.5600004196167,8.119999885559082,8.319999694824219,8.319999694824219,839450,INO
2013-11-22,8.479999542236328,8.5600004196167,8.239999771118164,8.5600004196167,8.5600004196167,628125,INO
2013-11-25,8.680000305175781,8.960000038146973,8.5600004196167,8.640000343322754,8.640000343322754,1325975,INO
2013-11-26,8.640000343322754,8.640000343322754,8.319999694824219,8.520000457763672,8.520000457763672,567400,INO
2013-11-27,8.5600004196167,8.680000305175781,8.399999618530273,8.600000381469727,8.600000381469727,429850,INO
2013-11-29,8.680000305175781,8.680000305175781,8.399999618530273,8.399999618530273,8.399999618530273,260875,INO
2013-12-02,8.399999618530273,8.5600004196167,8.319999694824219,8.520000457763672,8.520000457763672,604900,INO
2013-12-03,8.520000457763672,8.520000457763672,8.239999771118164,8.479999542236328,8.479999542236328,484950,INO
2013-12-04,8.359999656677246,8.5600004196167,8.279999732971191,8.399999618530273,8.399999618530273,375675,INO
2013-12-05,8.359999656677246,8.4399995803833,8.039999961853027,8.15999984741211,8.15999984741211,496100,INO
2013-12-06,8.15999984741211,8.279999732971191,7.920000076293945,7.920000076293945,7.920000076293945,552175,INO
2013-12-09,7.960000038146973,8.0,7.679999828338623,7.920000076293945,7.920000076293945,755700,INO
2013-12-10,7.960000038146973,8.0,7.599999904632568,7.71999979019165,7.71999979019165,526100,INO
2013-12-11,7.71999979019165,8.0,7.599999904632568,7.800000190734863,7.800000190734863,508175,INO
2013-12-12,7.639999866485596,7.800000190734863,7.599999904632568,7.800000190734863,7.800000190734863,497950,INO
2013-12-13,7.760000228881836,8.039999961853027,7.679999828338623,7.920000076293945,7.920000076293945,512925,INO
2013-12-16,8.039999961853027,8.319999694824219,8.0,8.15999984741211,8.15999984741211,654050,INO
2013-12-17,8.199999809265137,8.479999542236328,8.079999923706055,8.4399995803833,8.4399995803833,682700,INO
2013-12-18,8.520000457763672,8.800000190734863,8.4399995803833,8.600000381469727,8.600000381469727,1095375,INO
2013-12-19,8.720000267028809,8.800000190734863,8.479999542236328,8.520000457763672,8.520000457763672,714850,INO
2013-12-20,8.520000457763672,8.84000015258789,8.239999771118164,8.600000381469727,8.600000381469727,2911300,INO
2013-12-23,8.800000190734863,9.68000030517578,8.800000190734863,9.600000381469728,9.600000381469728,3105575,INO
2013-12-24,9.800000190734863,10.0,9.600000381469728,9.880000114440918,9.880000114440918,1049750,INO
2013-12-26,10.039999961853027,11.880000114440918,10.0,11.880000114440918,11.880000114440918,5628450,INO
2013-12-27,11.920000076293944,12.0,10.640000343322754,11.31999969482422,11.31999969482422,3234575,INO
2013-12-30,11.31999969482422,11.800000190734863,11.0,11.359999656677246,11.359999656677246,1472500,INO
2013-12-31,11.479999542236328,11.640000343322754,11.279999732971191,11.600000381469728,11.600000381469728,1028250,INO
2014-01-02,11.68000030517578,11.880000114440918,11.079999923706056,11.479999542236328,11.479999542236328,1495100,INO
2014-01-03,11.4399995803833,11.4399995803833,9.720000267028809,10.0,10.0,3863300,INO
2014-01-06,10.239999771118164,10.399999618530272,9.84000015258789,10.0,10.0,1066050,INO
2014-01-07,10.199999809265137,10.239999771118164,9.079999923706056,10.0,10.0,2202300,INO
2014-01-08,9.800000190734863,10.0,9.479999542236328,9.920000076293944,9.920000076293944,900650,INO
2014-01-09,9.920000076293944,10.199999809265137,9.720000267028809,9.84000015258789,9.84000015258789,758150,INO
2014-01-10,9.720000267028809,10.720000267028809,9.520000457763672,10.5600004196167,10.5600004196167,1688025,INO
2014-01-13,10.880000114440918,10.960000038146973,10.0,10.15999984741211,10.15999984741211,1346500,INO
2014-01-14,10.039999961853027,10.039999961853027,9.600000381469728,9.800000190734863,9.800000190734863,987175,INO
2014-01-15,10.0,10.0,9.600000381469728,9.760000228881836,9.760000228881836,605325,INO
2014-01-16,9.800000190734863,10.199999809265137,9.600000381469728,9.920000076293944,9.920000076293944,714675,INO
2014-01-17,10.0,10.31999969482422,9.84000015258789,10.239999771118164,10.239999771118164,655875,INO
2014-01-21,10.520000457763672,10.520000457763672,9.880000114440918,10.0,10.0,637150,INO
2014-01-22,10.279999732971191,10.279999732971191,9.68000030517578,9.800000190734863,9.800000190734863,540500,INO
2014-01-23,10.5600004196167,10.640000343322754,9.920000076293944,10.119999885559082,10.119999885559082,1672900,INO
2014-01-24,10.4399995803833,10.5600004196167,10.0,10.15999984741211,10.15999984741211,1585550,INO
2014-01-27,10.479999542236328,10.479999542236328,9.84000015258789,9.960000038146973,9.960000038146973,977650,INO
2014-01-28,10.0,10.119999885559082,9.800000190734863,10.119999885559082,10.119999885559082,430125,INO
2014-01-29,10.079999923706056,10.119999885559082,9.84000015258789,10.119999885559082,10.119999885559082,384750,INO
2014-01-30,10.199999809265137,10.760000228881836,10.079999923706056,10.520000457763672,10.520000457763672,1541950,INO
2014-01-31,10.359999656677246,10.479999542236328,10.199999809265137,10.31999969482422,10.31999969482422,531850,INO
2014-02-03,9.960000038146973,10.119999885559082,9.800000190734863,9.960000038146973,9.960000038146973,1119450,INO
2014-02-04,10.039999961853027,10.199999809265137,9.880000114440918,10.0,10.0,395550,INO
2014-02-05,10.0,10.039999961853027,9.479999542236328,10.039999961853027,10.039999961853027,785775,INO
2014-02-06,10.0,10.079999923706056,9.760000228881836,10.079999923706056,10.079999923706056,332175,INO
2014-02-07,9.880000114440918,10.31999969482422,9.880000114440918,10.279999732971191,10.279999732971191,721525,INO
2014-02-10,10.399999618530272,11.119999885559082,10.31999969482422,10.920000076293944,10.920000076293944,2169775,INO
2014-02-11,11.800000190734863,11.880000114440918,11.0,11.479999542236328,11.479999542236328,3483500,INO
2014-02-12,11.68000030517578,11.68000030517578,10.279999732971191,10.520000457763672,10.520000457763672,1942600,INO
2014-02-13,10.920000076293944,11.0,10.479999542236328,10.920000076293944,10.920000076293944,799900,INO
2014-02-14,11.119999885559082,11.15999984741211,10.640000343322754,11.0,11.0,759475,INO
2014-02-18,11.199999809265137,11.4399995803833,11.039999961853027,11.399999618530272,11.399999618530272,934575,INO
2014-02-19,11.600000381469728,12.119999885559082,11.039999961853027,11.239999771118164,11.239999771118164,3546025,INO
2014-02-20,11.479999542236328,11.800000190734863,11.279999732971191,11.600000381469728,11.600000381469728,1090700,INO
2014-02-21,11.920000076293944,12.960000038146973,11.800000190734863,12.880000114440918,12.880000114440918,5145500,INO
2014-02-24,13.600000381469728,15.800000190734863,13.520000457763672,14.880000114440918,14.880000114440918,8030225,INO
2014-02-25,15.479999542236328,15.720000267028809,14.119999885559082,14.239999771118164,14.239999771118164,5391125,INO
2014-02-26,14.399999618530272,15.079999923706056,14.239999771118164,14.920000076293944,14.920000076293944,2238375,INO
2014-02-27,13.31999969482422,13.920000076293944,12.800000190734863,13.68000030517578,13.68000030517578,6993150,INO
2014-02-28,14.0,14.31999969482422,12.800000190734863,13.15999984741211,13.15999984741211,3146700,INO
2014-03-03,12.800000190734863,14.199999809265137,12.0,14.199999809265137,14.199999809265137,3425375,INO
2014-03-04,14.600000381469728,14.800000190734863,14.0,14.079999923706056,14.079999923706056,2299850,INO
2014-03-05,14.0,14.520000457763672,13.640000343322754,14.31999969482422,14.31999969482422,1631250,INO
2014-03-06,14.800000190734863,14.84000015258789,14.0,14.039999961853027,14.039999961853027,1718550,INO
2014-03-07,14.359999656677246,14.479999542236328,13.600000381469728,13.600000381469728,13.600000381469728,1546175,INO
2014-03-10,14.359999656677246,14.520000457763672,13.68000030517578,14.079999923706056,14.079999923706056,1834050,INO
2014-03-11,14.359999656677246,14.399999618530272,13.880000114440918,14.039999961853027,14.039999961853027,1150050,INO
2014-03-12,13.960000038146973,14.119999885559082,13.600000381469728,14.039999961853027,14.039999961853027,911200,INO
2014-03-13,14.0,14.0,13.4399995803833,13.760000228881836,13.760000228881836,1192075,INO
2014-03-14,13.600000381469728,14.0,13.279999732971191,14.0,14.0,1168400,INO
2014-03-17,14.0,14.399999618530272,13.479999542236328,13.68000030517578,13.68000030517578,1987800,INO
2014-03-18,14.0,14.079999923706056,13.68000030517578,13.720000267028809,13.720000267028809,1531650,INO
2014-03-19,13.720000267028809,15.399999618530272,13.720000267028809,15.279999732971191,15.279999732971191,3591725,INO
2014-03-20,15.15999984741211,15.5600004196167,14.600000381469728,15.199999809265137,15.199999809265137,2083500,INO
2014-03-21,15.31999969482422,15.4399995803833,14.399999618530272,14.760000228881836,14.760000228881836,2909450,INO
2014-03-24,15.119999885559082,15.199999809265137,13.720000267028809,14.039999961853027,14.039999961853027,2919375,INO
2014-03-25,14.0,14.199999809265137,12.720000267028809,12.920000076293944,12.920000076293944,2601350,INO
2014-03-26,13.359999656677246,13.800000190734863,12.479999542236328,12.920000076293944,12.920000076293944,2119375,INO
2014-03-27,12.84000015258789,14.5600004196167,12.279999732971191,14.5600004196167,14.5600004196167,4360725,INO
2014-03-28,12.880000114440918,14.5600004196167,12.600000381469728,13.119999885559082,13.119999885559082,3128175,INO
2014-03-31,13.359999656677246,13.640000343322754,13.279999732971191,13.31999969482422,13.31999969482422,769825,INO
2014-04-01,13.5600004196167,14.0,13.31999969482422,13.960000038146973,13.960000038146973,1182875,INO
2014-04-02,13.880000114440918,14.119999885559082,13.4399995803833,13.880000114440918,13.880000114440918,1367275,INO
2014-04-03,14.0,14.039999961853027,13.239999771118164,13.31999969482422,13.31999969482422,1242850,INO
2014-04-04,13.479999542236328,13.5600004196167,12.399999618530272,12.5600004196167,12.5600004196167,2332600,INO
2014-04-07,12.359999656677246,12.479999542236328,11.520000457763672,11.84000015258789,11.84000015258789,2491625,INO
2014-04-08,12.0,12.31999969482422,11.15999984741211,11.199999809265137,11.199999809265137,1575050,INO
2014-04-09,11.279999732971191,12.68000030517578,11.199999809265137,12.520000457763672,12.520000457763672,1680800,INO
2014-04-10,12.720000267028809,12.800000190734863,11.5600004196167,12.0,12.0,1822075,INO
2014-04-11,11.520000457763672,11.800000190734863,11.199999809265137,11.5600004196167,11.5600004196167,1231400,INO
2014-04-14,11.640000343322754,11.920000076293944,10.399999618530272,10.68000030517578,10.68000030517578,1728875,INO
2014-04-15,10.520000457763672,10.640000343322754,8.520000457763672,10.399999618530272,10.399999618530272,4042125,INO
2014-04-16,10.279999732971191,11.359999656677246,9.68000030517578,10.68000030517578,10.68000030517578,2245225,INO
2014-04-17,10.520000457763672,10.880000114440918,10.079999923706056,10.079999923706056,10.079999923706056,1246025,INO
2014-04-21,10.0,10.479999542236328,10.0,10.279999732971191,10.279999732971191,658600,INO
2014-04-22,10.479999542236328,11.199999809265137,10.479999542236328,10.600000381469728,10.600000381469728,1141575,INO
2014-04-23,10.5600004196167,10.600000381469728,10.079999923706056,10.4399995803833,10.4399995803833,732650,INO
2014-04-24,10.720000267028809,10.720000267028809,10.079999923706056,10.399999618530272,10.399999618530272,705900,INO
2014-04-25,10.239999771118164,10.359999656677246,9.399999618530272,9.640000343322754,9.640000343322754,1343825,INO
2014-04-28,9.68000030517578,9.760000228881836,8.760000228881836,9.31999969482422,9.31999969482422,1395550,INO
2014-04-29,9.15999984741211,9.760000228881836,9.119999885559082,9.720000267028809,9.720000267028809,691075,INO
2014-04-30,9.5600004196167,9.68000030517578,9.199999809265137,9.479999542236328,9.479999542236328,565175,INO
2014-05-01,9.399999618530272,9.600000381469728,9.15999984741211,9.5600004196167,9.5600004196167,540500,INO
2014-05-02,9.600000381469728,10.359999656677246,9.399999618530272,10.239999771118164,10.239999771118164,1435775,INO
2014-05-05,9.800000190734863,9.920000076293944,9.399999618530272,9.600000381469728,9.600000381469728,1485175,INO
2014-05-06,9.520000457763672,9.640000343322754,8.880000114440918,9.039999961853027,9.039999961853027,1030025,INO
2014-05-07,9.359999656677246,9.520000457763672,8.800000190734863,8.800000190734863,8.800000190734863,1159400,INO
2014-05-08,8.880000114440918,9.359999656677246,8.5600004196167,8.760000228881836,8.760000228881836,1123450,INO
2014-05-09,8.84000015258789,8.960000038146973,8.4399995803833,8.640000343322754,8.640000343322754,1150900,INO
2014-05-12,8.760000228881836,8.880000114440918,7.480000019073486,8.680000305175781,8.680000305175781,2330300,INO
2014-05-13,8.880000114440918,9.31999969482422,8.680000305175781,8.880000114440918,8.880000114440918,1178800,INO
2014-05-14,8.800000190734863,8.960000038146973,8.399999618530273,8.640000343322754,8.640000343322754,892575,INO
2014-05-15,8.479999542236328,8.600000381469727,8.15999984741211,8.5600004196167,8.5600004196167,629400,INO
2014-05-16,8.399999618530273,8.5600004196167,8.199999809265137,8.5600004196167,8.5600004196167,526925,INO
2014-05-19,8.600000381469727,9.199999809265137,8.479999542236328,9.119999885559082,9.119999885559082,1073475,INO
2014-05-20,9.199999809265137,9.199999809265137,8.640000343322754,8.960000038146973,8.960000038146973,770550,INO
2014-05-21,8.920000076293945,9.0,8.279999732971191,8.359999656677246,8.359999656677246,926625,INO
2014-05-22,8.680000305175781,8.880000114440918,8.600000381469727,8.800000190734863,8.800000190734863,710400,INO
2014-05-23,8.479999542236328,8.640000343322754,7.920000076293945,8.0,8.0,2486900,INO
2014-05-27,8.319999694824219,8.479999542236328,8.039999961853027,8.399999618530273,8.399999618530273,1151025,INO
2014-05-28,8.399999618530273,8.5600004196167,8.199999809265137,8.479999542236328,8.479999542236328,663700,INO
2014-05-29,8.720000267028809,9.31999969482422,8.479999542236328,9.039999961853027,9.039999961853027,1250375,INO
2014-05-30,9.0,9.479999542236328,8.800000190734863,9.0,9.0,1034375,INO
2014-06-02,9.199999809265137,9.279999732971191,8.520000457763672,8.5600004196167,8.5600004196167,729650,INO
2014-06-03,8.680000305175781,9.15999984741211,8.359999656677246,9.119999885559082,9.119999885559082,964025,INO
2014-06-04,9.0,9.359999656677246,8.720000267028809,9.119999885559082,9.119999885559082,780425,INO
2014-06-05,9.0,9.640000343322754,9.0,9.239999771118164,9.239999771118164,329175,INO
2014-06-06,9.18000030517578,9.979999542236328,8.84000015258789,9.850000381469728,9.850000381469728,1905600,INO
2014-06-09,9.890000343322754,10.800000190734863,9.850000381469728,10.779999732971191,10.779999732971191,3413700,INO
2014-06-10,11.079999923706056,12.199999809265137,8.880000114440918,9.34000015258789,9.34000015258789,11424800,INO
2014-06-11,9.9399995803833,10.100000381469728,8.510000228881836,8.819999694824219,8.819999694824219,7156500,INO
2014-06-12,8.819999694824219,9.149999618530272,8.550000190734863,8.8100004196167,8.8100004196167,1925500,INO
2014-06-13,8.850000381469727,8.9399995803833,8.600000381469727,8.710000038146973,8.710000038146973,1081500,INO
2014-06-16,8.720000267028809,8.949999809265137,8.630000114440918,8.869999885559082,8.869999885559082,1234900,INO
2014-06-17,9.010000228881836,9.220000267028809,8.869999885559082,9.210000038146973,9.210000038146973,1157400,INO
2014-06-18,9.0600004196167,9.399999618530272,8.989999771118164,9.300000190734863,9.300000190734863,1129200,INO
2014-06-19,9.300000190734863,9.40999984741211,9.100000381469728,9.15999984741211,9.15999984741211,747700,INO
2014-06-20,9.109999656677246,9.239999771118164,9.0,9.210000038146973,9.210000038146973,1570000,INO
2014-06-23,9.199999809265137,9.539999961853027,9.15999984741211,9.359999656677246,9.359999656677246,1133500,INO
2014-06-24,9.460000038146973,9.739999771118164,9.359999656677246,9.630000114440918,9.630000114440918,1299600,INO
2014-06-25,9.619999885559082,10.029999732971191,9.5600004196167,9.970000267028809,9.970000267028809,1363000,INO
2014-06-26,10.109999656677246,10.729999542236328,9.970000267028809,10.289999961853027,10.289999961853027,2247300,INO
2014-06-27,10.25,11.100000381469728,10.25,10.729999542236328,10.729999542236328,7739400,INO
2014-06-30,11.210000038146973,11.380000114440918,10.729999542236328,10.8100004196167,10.8100004196167,1981800,INO
2014-07-01,10.949999809265137,11.09000015258789,10.5,10.8100004196167,10.8100004196167,1738200,INO
2014-07-02,10.850000381469728,10.949999809265137,10.5,10.800000190734863,10.800000190734863,912700,INO
2014-07-03,10.800000190734863,10.800000190734863,10.520000457763672,10.649999618530272,10.649999618530272,587100,INO
2014-07-07,10.600000381469728,10.800000190734863,10.550000190734863,10.779999732971191,10.779999732971191,811600,INO
2014-07-08,10.800000190734863,10.800000190734863,9.550000190734863,10.0600004196167,10.0600004196167,1879900,INO
2014-07-09,10.0600004196167,10.300000190734863,9.760000228881836,9.850000381469728,9.850000381469728,1057700,INO
2014-07-10,9.6899995803833,10.18000030517578,9.199999809265137,9.960000038146973,9.960000038146973,1166700,INO
2014-07-11,10.0,10.170000076293944,9.899999618530272,10.119999885559082,10.119999885559082,397600,INO
2014-07-14,10.149999618530272,10.25,9.920000076293944,9.979999542236328,9.979999542236328,700900,INO
2014-07-15,9.970000267028809,10.09000015258789,9.600000381469728,9.699999809265137,9.699999809265137,737400,INO
2014-07-16,9.760000228881836,9.979999542236328,9.5,9.720000267028809,9.720000267028809,815300,INO
2014-07-17,9.729999542236328,9.970000267028809,9.289999961853027,9.420000076293944,9.420000076293944,913100,INO
2014-07-18,9.460000038146973,10.1899995803833,9.399999618530272,10.170000076293944,10.170000076293944,1056700,INO
2014-07-21,10.300000190734863,11.079999923706056,10.100000381469728,11.010000228881836,11.010000228881836,1797400,INO
2014-07-22,11.18000030517578,11.600000381469728,11.020000457763672,11.140000343322754,11.140000343322754,1675100,INO
2014-07-23,13.869999885559082,14.199999809265137,12.0,13.100000381469728,13.100000381469728,12949600,INO
2014-07-24,12.920000076293944,13.399999618530272,12.43000030517578,12.979999542236328,12.979999542236328,3598100,INO
2014-07-25,13.0600004196167,13.100000381469728,12.510000228881836,12.630000114440918,12.630000114440918,1805100,INO
2014-07-28,12.5600004196167,12.5600004196167,11.619999885559082,11.899999618530272,11.899999618530272,2225000,INO
2014-07-29,11.890000343322754,11.93000030517578,11.039999961853027,11.460000038146973,11.460000038146973,2060000,INO
2014-07-30,11.329999923706056,11.539999961853027,11.020000457763672,11.029999732971191,11.029999732971191,1337400,INO
2014-07-31,10.850000381469728,10.880000114440918,10.029999732971191,10.100000381469728,10.100000381469728,2287000,INO
2014-08-01,10.0600004196167,10.199999809265137,9.649999618530272,9.75,9.75,1553700,INO
2014-08-04,9.699999809265137,10.350000381469728,9.600000381469728,10.170000076293944,10.170000076293944,1418200,INO
2014-08-05,10.170000076293944,10.279999732971191,9.890000343322754,9.93000030517578,9.93000030517578,1189600,INO
2014-08-06,9.920000076293944,10.010000228881836,9.75,9.90999984741211,9.90999984741211,730600,INO
2014-08-07,9.75,9.880000114440918,9.710000038146973,9.720000267028809,9.720000267028809,879000,INO
2014-08-08,9.699999809265137,10.020000457763672,9.5,9.960000038146973,9.960000038146973,868700,INO
2014-08-11,10.0600004196167,10.09000015258789,8.75,8.970000267028809,8.970000267028809,3634200,INO
2014-08-12,8.75,9.279999732971191,8.600000381469727,8.680000305175781,8.680000305175781,1733800,INO
2014-08-13,9.09000015258789,9.600000381469728,8.920000076293945,9.579999923706056,9.579999923706056,1964700,INO
2014-08-14,9.550000190734863,9.619999885559082,9.25,9.390000343322754,9.390000343322754,1020200,INO
2014-08-15,9.489999771118164,9.5600004196167,9.18000030517578,9.369999885559082,9.369999885559082,964300,INO
2014-08-18,9.5,9.869999885559082,9.369999885559082,9.859999656677246,9.859999656677246,1179800,INO
2014-08-19,9.770000457763672,10.039999961853027,9.75,9.9399995803833,9.9399995803833,727000,INO
2014-08-20,9.960000038146973,9.989999771118164,9.550000190734863,9.93000030517578,9.93000030517578,798100,INO
2014-08-21,9.970000267028809,10.600000381469728,9.920000076293944,10.579999923706056,10.579999923706056,1656400,INO
2014-08-22,10.630000114440918,10.899999618530272,10.420000076293944,10.710000038146973,10.710000038146973,1364300,INO
2014-08-25,10.81999969482422,10.899999618530272,10.449999809265137,10.529999732971191,10.529999732971191,968000,INO
2014-08-26,10.520000457763672,10.649999618530272,10.199999809265137,10.31999969482422,10.31999969482422,911900,INO
2014-08-27,10.399999618530272,10.829999923706056,10.270000457763672,10.75,10.75,1506700,INO
2014-08-28,10.869999885559082,10.880000114440918,10.359999656677246,10.630000114440918,10.630000114440918,901400,INO
2014-08-29,10.600000381469728,10.739999771118164,10.5,10.59000015258789,10.59000015258789,517800,INO
2014-09-02,10.609999656677246,11.270000457763672,10.529999732971191,11.039999961853027,11.039999961853027,1354400,INO
2014-09-03,11.100000381469728,11.489999771118164,10.90999984741211,10.9399995803833,10.9399995803833,1136600,INO
2014-09-04,11.010000228881836,11.140000343322754,10.699999809265137,10.75,10.75,574800,INO
2014-09-05,10.699999809265137,10.829999923706056,10.600000381469728,10.619999885559082,10.619999885559082,468300,INO
2014-09-08,10.579999923706056,10.770000457763672,10.289999961853027,10.539999961853027,10.539999961853027,507900,INO
2014-09-09,10.460000038146973,10.59000015258789,10.300000190734863,10.34000015258789,10.34000015258789,399900,INO
2014-09-10,10.239999771118164,10.300000190734863,9.989999771118164,10.170000076293944,10.170000076293944,608200,INO
2014-09-11,10.130000114440918,10.460000038146973,10.020000457763672,10.4399995803833,10.4399995803833,473500,INO
2014-09-12,10.489999771118164,10.75,10.4399995803833,10.670000076293944,10.670000076293944,788500,INO
2014-09-15,10.6899995803833,10.800000190734863,10.329999923706056,10.510000228881836,10.510000228881836,725600,INO
2014-09-16,10.5,10.600000381469728,10.350000381469728,10.5,10.5,694600,INO
2014-09-17,10.510000228881836,10.670000076293944,10.390000343322754,10.40999984741211,10.40999984741211,576200,INO
2014-09-18,10.479999542236328,10.489999771118164,10.140000343322754,10.220000267028809,10.220000267028809,472200,INO
2014-09-19,10.149999618530272,10.279999732971191,10.0,10.220000267028809,10.220000267028809,1547900,INO
2014-09-22,10.199999809265137,10.390000343322754,10.010000228881836,10.119999885559082,10.119999885559082,530500,INO
2014-09-23,10.100000381469728,10.119999885559082,9.739999771118164,9.770000457763672,9.770000457763672,946000,INO
2014-09-24,10.399999618530272,10.600000381469728,10.119999885559082,10.289999961853027,10.289999961853027,1572700,INO
2014-09-25,10.329999923706056,10.859999656677246,10.260000228881836,10.4399995803833,10.4399995803833,1861600,INO
2014-09-26,10.4399995803833,10.479999542236328,9.960000038146973,10.100000381469728,10.100000381469728,1123900,INO
2014-09-29,9.989999771118164,10.09000015258789,9.75,9.960000038146973,9.960000038146973,744400,INO
2014-09-30,9.949999809265137,10.100000381469728,9.75,9.850000381469728,9.850000381469728,564300,INO
2014-10-01,10.34000015258789,10.449999809265137,9.649999618530272,9.800000190734863,9.800000190734863,1487100,INO
2014-10-02,10.149999618530272,10.489999771118164,9.81999969482422,10.449999809265137,10.449999809265137,1662500,INO
2014-10-03,10.479999542236328,11.289999961853027,10.449999809265137,11.029999732971191,11.029999732971191,2631100,INO
2014-10-06,10.789999961853027,11.600000381469728,10.65999984741211,11.149999618530272,11.149999618530272,3954400,INO
2014-10-07,11.010000228881836,11.149999618530272,10.34000015258789,10.34000015258789,10.34000015258789,1384000,INO
2014-10-08,10.399999618530272,10.630000114440918,9.949999809265137,10.520000457763672,10.520000457763672,1175000,INO
2014-10-09,10.550000190734863,10.550000190734863,10.0,10.09000015258789,10.09000015258789,850500,INO
2014-10-10,10.229999542236328,10.420000076293944,9.920000076293944,10.039999961853027,10.039999961853027,823000,INO
2014-10-13,10.039999961853027,10.609999656677246,9.850000381469728,10.520000457763672,10.520000457763672,1586700,INO
2014-10-14,10.880000114440918,11.130000114440918,10.300000190734863,10.9399995803833,10.9399995803833,2412300,INO
2014-10-15,10.470000267028809,11.25,10.449999809265137,11.239999771118164,11.239999771118164,2197600,INO
2014-10-16,11.239999771118164,11.949999809265137,11.149999618530272,11.84000015258789,11.84000015258789,2659300,INO
2014-10-17,12.0,12.399999618530272,11.800000190734863,12.3100004196167,12.3100004196167,2263000,INO
2014-10-20,12.109999656677246,13.039999961853027,11.9399995803833,12.1899995803833,12.1899995803833,2540800,INO
2014-10-21,12.390000343322754,12.539999961853027,11.149999618530272,11.550000190734863,11.550000190734863,2420500,INO
2014-10-22,11.550000190734863,11.56999969482422,10.899999618530272,10.949999809265137,10.949999809265137,1298900,INO
2014-10-23,10.960000038146973,11.520000457763672,10.949999809265137,11.199999809265137,11.199999809265137,890500,INO
2014-10-24,11.40999984741211,11.550000190734863,11.0600004196167,11.3100004196167,11.3100004196167,521500,INO
2014-10-27,11.350000381469728,11.449999809265137,10.90999984741211,11.3100004196167,11.3100004196167,536300,INO
2014-10-28,11.34000015258789,11.550000190734863,11.18000030517578,11.380000114440918,11.380000114440918,645000,INO
2014-10-29,11.34000015258789,11.420000076293944,11.039999961853027,11.199999809265137,11.199999809265137,524100,INO
2014-10-30,11.300000190734863,11.65999984741211,11.220000267028809,11.43000030517578,11.43000030517578,849100,INO
2014-10-31,11.600000381469728,11.75,11.220000267028809,11.359999656677246,11.359999656677246,804000,INO
2014-11-03,11.380000114440918,11.779999732971191,11.380000114440918,11.649999618530272,11.649999618530272,789800,INO
2014-11-04,11.649999618530272,11.899999618530272,11.369999885559082,11.529999732971191,11.529999732971191,602900,INO
2014-11-05,11.600000381469728,11.649999618530272,11.0600004196167,11.229999542236328,11.229999542236328,774300,INO
2014-11-06,11.170000076293944,11.350000381469728,11.0,11.06999969482422,11.06999969482422,728300,INO
2014-11-07,11.0,11.350000381469728,11.0,11.229999542236328,11.229999542236328,711000,INO
2014-11-10,11.0,11.239999771118164,10.670000076293944,11.239999771118164,11.239999771118164,1346800,INO
2014-11-11,11.239999771118164,11.460000038146973,11.09000015258789,11.300000190734863,11.300000190734863,633400,INO
2014-11-12,11.199999809265137,11.260000228881836,10.93000030517578,11.100000381469728,11.100000381469728,615400,INO
2014-11-13,11.0600004196167,11.199999809265137,10.920000076293944,11.010000228881836,11.010000228881836,400100,INO
2014-11-14,10.989999771118164,11.050000190734863,10.850000381469728,11.0,11.0,634700,INO
2014-11-17,9.899999618530272,10.399999618530272,9.510000228881836,9.93000030517578,9.93000030517578,2046300,INO
2014-11-18,10.0,10.31999969482422,9.800000190734863,9.859999656677246,9.859999656677246,1227900,INO
2014-11-19,9.8100004196167,9.869999885559082,9.350000381469728,9.4399995803833,9.4399995803833,1254600,INO
2014-11-20,9.5600004196167,10.020000457763672,9.399999618530272,9.949999809265137,9.949999809265137,1065800,INO
2014-11-21,10.0600004196167,10.199999809265137,9.75,9.979999542236328,9.979999542236328,652400,INO
2014-11-24,9.949999809265137,10.229999542236328,9.869999885559082,10.18000030517578,10.18000030517578,1219200,INO
2014-11-25,10.199999809265137,10.260000228881836,9.850000381469728,10.039999961853027,10.039999961853027,1495600,INO
2014-11-26,10.050000190734863,10.079999923706056,9.800000190734863,9.890000343322754,9.890000343322754,581100,INO
2014-11-28,9.93000030517578,10.06999969482422,9.649999618530272,9.68000030517578,9.68000030517578,561200,INO
2014-12-01,10.029999732971191,10.029999732971191,9.239999771118164,9.25,9.25,801400,INO
2014-12-02,9.25,9.5,9.25,9.399999618530272,9.399999618530272,643600,INO
2014-12-03,9.329999923706056,9.5,9.130000114440918,9.239999771118164,9.239999771118164,550100,INO
2014-12-04,9.199999809265137,9.300000190734863,8.699999809265137,8.779999732971191,8.779999732971191,1252800,INO
2014-12-05,8.800000190734863,9.079999923706056,8.800000190734863,8.890000343322754,8.890000343322754,787000,INO
2014-12-08,8.869999885559082,9.0600004196167,8.550000190734863,8.569999694824219,8.569999694824219,729800,INO
2014-12-09,8.5,8.569999694824219,8.100000381469727,8.5600004196167,8.5600004196167,1035200,INO
2014-12-10,8.510000228881836,8.600000381469727,8.180000305175781,8.210000038146973,8.210000038146973,566700,INO
2014-12-11,8.300000190734863,8.489999771118164,8.149999618530273,8.220000267028809,8.220000267028809,601900,INO
2014-12-12,8.119999885559082,8.84000015258789,8.119999885559082,8.489999771118164,8.489999771118164,716800,INO
2014-12-15,8.720000267028809,8.770000457763672,8.170000076293945,8.260000228881836,8.260000228881836,645800,INO
2014-12-16,8.1899995803833,8.699999809265137,8.1899995803833,8.34000015258789,8.34000015258789,614900,INO
2014-12-17,8.359999656677246,8.789999961853027,8.34000015258789,8.779999732971191,8.779999732971191,734500,INO
2014-12-18,8.84000015258789,9.079999923706056,8.800000190734863,9.010000228881836,9.010000228881836,629600,INO
2014-12-19,8.989999771118164,9.600000381469728,8.800000190734863,9.479999542236328,9.479999542236328,3513100,INO
2014-12-22,9.460000038146973,9.520000457763672,9.020000457763672,9.449999809265137,9.449999809265137,638900,INO
2014-12-23,9.4399995803833,9.600000381469728,9.130000114440918,9.199999809265137,9.199999809265137,481400,INO
2014-12-24,9.199999809265137,9.279999732971191,9.0,9.109999656677246,9.109999656677246,310000,INO
2014-12-26,9.140000343322754,9.56999969482422,9.140000343322754,9.359999656677246,9.359999656677246,607900,INO
2014-12-29,9.329999923706056,9.550000190734863,9.06999969482422,9.279999732971191,9.279999732971191,738900,INO
2014-12-30,9.220000267028809,9.350000381469728,9.130000114440918,9.18000030517578,9.18000030517578,380900,INO
2014-12-31,9.199999809265137,9.399999618530272,9.140000343322754,9.18000030517578,9.18000030517578,572800,INO
2015-01-02,9.300000190734863,9.380000114440918,9.18000030517578,9.31999969482422,9.31999969482422,408100,INO
2015-01-05,9.399999618530272,9.470000267028809,9.119999885559082,9.279999732971191,9.279999732971191,436200,INO
2015-01-06,9.5,9.68000030517578,9.119999885559082,9.229999542236328,9.229999542236328,731700,INO
2015-01-07,9.359999656677246,9.369999885559082,9.130000114440918,9.34000015258789,9.34000015258789,544000,INO
2015-01-08,9.449999809265137,9.539999961853027,9.31999969482422,9.359999656677246,9.359999656677246,518700,INO
2015-01-09,9.3100004196167,9.56999969482422,9.229999542236328,9.489999771118164,9.489999771118164,462900,INO
2015-01-12,9.510000228881836,9.600000381469728,9.199999809265137,9.300000190734863,9.300000190734863,448400,INO
2015-01-13,9.399999618530272,9.399999618530272,8.829999923706055,8.970000267028809,8.970000267028809,588800,INO
2015-01-14,8.930000305175781,9.140000343322754,8.90999984741211,9.06999969482422,9.06999969482422,424200,INO
2015-01-15,9.0600004196167,9.130000114440918,8.75,8.779999732971191,8.779999732971191,473800,INO
2015-01-16,8.75,8.949999809265137,8.609999656677246,8.770000457763672,8.770000457763672,511600,INO
2015-01-20,8.760000228881836,8.949999809265137,8.449999809265137,8.9399995803833,8.9399995803833,565600,INO
2015-01-21,8.930000305175781,8.989999771118164,8.569999694824219,8.65999984741211,8.65999984741211,437300,INO
2015-01-22,8.65999984741211,8.65999984741211,8.3100004196167,8.5,8.5,543300,INO
2015-01-23,8.5,8.65999984741211,8.40999984741211,8.609999656677246,8.609999656677246,322800,INO
2015-01-26,8.609999656677246,8.890000343322754,8.5,8.880000114440918,8.880000114440918,587200,INO
2015-01-27,8.770000457763672,9.079999923706056,8.75,8.9399995803833,8.9399995803833,432100,INO
2015-01-28,8.9399995803833,8.989999771118164,8.449999809265137,8.5,8.5,360200,INO
2015-01-29,8.489999771118164,8.550000190734863,8.319999694824219,8.5,8.5,357600,INO
2015-01-30,8.449999809265137,8.59000015258789,8.3100004196167,8.34000015258789,8.34000015258789,577400,INO
2015-02-02,8.670000076293945,8.670000076293945,8.109999656677246,8.210000038146973,8.210000038146973,537200,INO
2015-02-03,8.220000267028809,8.390000343322754,8.130000114440918,8.289999961853027,8.289999961853027,545700,INO
2015-02-04,8.199999809265137,8.279999732971191,7.820000171661377,8.029999732971191,8.029999732971191,861600,INO
2015-02-05,8.0600004196167,8.229999542236328,8.039999961853027,8.229999542236328,8.229999542236328,502800,INO
2015-02-06,8.210000038146973,8.350000381469727,8.100000381469727,8.199999809265137,8.199999809265137,427200,INO
2015-02-09,8.140000343322754,8.279999732971191,7.869999885559082,7.909999847412109,7.909999847412109,602100,INO
2015-02-10,7.989999771118164,7.989999771118164,7.449999809265137,7.659999847412109,7.659999847412109,1042300,INO
2015-02-11,7.599999904632568,7.599999904632568,6.769999980926514,6.809999942779541,6.809999942779541,2093800,INO
2015-02-12,6.849999904632568,7.150000095367432,6.679999828338623,6.949999809265137,6.949999809265137,885400,INO
2015-02-13,7.0,7.03000020980835,6.679999828338623,6.800000190734863,6.800000190734863,864800,INO
2015-02-17,6.75,6.849999904632568,6.650000095367432,6.789999961853027,6.789999961853027,706400,INO
2015-02-18,6.789999961853027,7.090000152587891,6.78000020980835,6.989999771118164,6.989999771118164,714400,INO
2015-02-19,7.0,7.099999904632568,6.820000171661377,6.849999904632568,6.849999904632568,386600,INO
2015-02-20,6.869999885559082,6.980000019073486,6.849999904632568,6.880000114440918,6.880000114440918,339500,INO
2015-02-23,7.050000190734863,7.059999942779541,6.699999809265137,6.820000171661377,6.820000171661377,465600,INO
2015-02-24,6.789999961853027,6.860000133514404,6.329999923706055,6.449999809265137,6.449999809265137,1194700,INO
2015-02-25,6.460000038146973,6.96999979019165,6.329999923706055,6.940000057220459,6.940000057220459,739100,INO
2015-02-26,6.960000038146973,7.059999942779541,6.650000095367432,7.03000020980835,7.03000020980835,675300,INO
2015-02-27,7.059999942779541,7.179999828338623,6.889999866485596,7.079999923706055,7.079999923706055,651000,INO
2015-03-02,7.039999961853027,7.340000152587891,7.039999961853027,7.170000076293945,7.170000076293945,467800,INO
2015-03-03,7.179999828338623,7.239999771118164,6.949999809265137,7.050000190734863,7.050000190734863,312500,INO
2015-03-04,7.050000190734863,7.420000076293945,6.949999809265137,7.360000133514404,7.360000133514404,501500,INO
2015-03-05,7.400000095367432,7.800000190734863,7.389999866485596,7.559999942779541,7.559999942779541,800700,INO
2015-03-06,7.550000190734863,7.670000076293945,7.309999942779541,7.349999904632568,7.349999904632568,497400,INO
2015-03-09,7.300000190734863,7.349999904632568,6.920000076293945,7.139999866485596,7.139999866485596,549700,INO
2015-03-10,7.059999942779541,7.289999961853027,6.989999771118164,7.090000152587891,7.090000152587891,338700,INO
2015-03-11,7.239999771118164,7.239999771118164,7.0,7.170000076293945,7.170000076293945,344100,INO
2015-03-12,7.25,7.5,7.179999828338623,7.300000190734863,7.300000190734863,555500,INO
2015-03-13,7.420000076293945,7.420000076293945,6.880000114440918,7.039999961853027,7.039999961853027,619700,INO
2015-03-16,7.099999904632568,8.539999961853027,7.050000190734863,8.420000076293945,8.420000076293945,4920900,INO
2015-03-17,8.5,8.619999885559082,7.760000228881836,8.5600004196167,8.5600004196167,2053600,INO
2015-03-18,8.489999771118164,8.699999809265137,8.15999984741211,8.380000114440918,8.380000114440918,840000,INO
2015-03-19,8.350000381469727,9.5,8.300000190734863,9.449999809265137,9.449999809265137,2617000,INO
2015-03-20,9.5,10.239999771118164,9.010000228881836,9.09000015258789,9.09000015258789,4077000,INO
2015-03-23,9.18000030517578,9.300000190734863,8.670000076293945,8.859999656677246,8.859999656677246,944700,INO
2015-03-24,8.850000381469727,9.100000381469728,8.710000038146973,8.729999542236328,8.729999542236328,639700,INO
2015-03-25,8.779999732971191,8.779999732971191,8.100000381469727,8.1899995803833,8.1899995803833,952600,INO
2015-03-26,8.0,8.4399995803833,7.889999866485596,8.09000015258789,8.09000015258789,758700,INO
2015-03-27,8.130000114440918,8.359999656677246,8.069999694824219,8.289999961853027,8.289999961853027,418900,INO
2015-03-30,8.449999809265137,8.670000076293945,8.25,8.329999923706055,8.329999923706055,401200,INO
2015-03-31,8.25,8.300000190734863,8.09000015258789,8.15999984741211,8.15999984741211,540900,INO
2015-04-01,8.180000305175781,8.489999771118164,8.109999656677246,8.470000267028809,8.470000267028809,480000,INO
2015-04-02,8.520000457763672,8.880000114440918,8.329999923706055,8.6899995803833,8.6899995803833,777600,INO
2015-04-06,8.699999809265137,9.31999969482422,8.65999984741211,9.06999969482422,9.06999969482422,797700,INO
2015-04-07,9.199999809265137,9.270000457763672,9.010000228881836,9.079999923706056,9.079999923706056,736200,INO
2015-04-08,9.5,9.859999656677246,9.43000030517578,9.720000267028809,9.720000267028809,2266200,INO
2015-04-09,10.3100004196167,10.699999809265137,9.68000030517578,9.960000038146973,9.960000038146973,4356800,INO
2015-04-10,10.0,10.09000015258789,9.630000114440918,9.779999732971191,9.779999732971191,1267500,INO
2015-04-13,9.529999732971191,10.079999923706056,9.289999961853027,9.880000114440918,9.880000114440918,960600,INO
2015-04-14,10.0,10.5,9.75,10.479999542236328,10.479999542236328,2012300,INO
2015-04-15,10.600000381469728,10.829999923706056,10.3100004196167,10.390000343322754,10.390000343322754,1592900,INO
2015-04-16,10.5,10.699999809265137,10.25,10.329999923706056,10.329999923706056,637600,INO
2015-04-17,10.170000076293944,10.449999809265137,9.850000381469728,10.039999961853027,10.039999961853027,1058400,INO
2015-04-20,10.09000015258789,10.529999732971191,10.0600004196167,10.31999969482422,10.31999969482422,792500,INO
2015-04-21,10.729999542236328,10.75,10.40999984741211,10.479999542236328,10.479999542236328,1339800,INO
2015-04-22,10.600000381469728,10.770000457763672,10.350000381469728,10.390000343322754,10.390000343322754,627700,INO
2015-04-23,10.399999618530272,10.6899995803833,10.220000267028809,10.600000381469728,10.600000381469728,548000,INO
2015-04-24,10.550000190734863,10.739999771118164,10.350000381469728,10.350000381469728,10.350000381469728,503100,INO
2015-04-27,10.399999618530272,10.56999969482422,9.75,10.0600004196167,10.0600004196167,1628900,INO
2015-04-28,10.149999618530272,10.300000190734863,9.529999732971191,9.710000038146973,9.710000038146973,1099900,INO
2015-04-29,9.720000267028809,10.1899995803833,9.579999923706056,9.850000381469728,9.850000381469728,976400,INO
2015-04-30,8.289999961853027,8.539999961853027,8.0600004196167,8.15999984741211,8.15999984741211,8187800,INO
2015-05-01,8.329999923706055,8.449999809265137,8.199999809265137,8.420000076293945,8.420000076293945,1494200,INO
2015-05-04,8.5,8.649999618530273,8.380000114440918,8.460000038146973,8.460000038146973,1314800,INO
2015-05-05,8.470000267028809,8.520000457763672,8.149999618530273,8.270000457763672,8.270000457763672,1247300,INO
2015-05-06,8.300000190734863,8.380000114440918,7.949999809265137,8.09000015258789,8.09000015258789,1441000,INO
2015-05-07,8.100000381469727,8.199999809265137,7.800000190734863,8.079999923706055,8.079999923706055,1158500,INO
2015-05-08,8.149999618530273,8.180000305175781,7.949999809265137,8.010000228881836,8.010000228881836,1794900,INO
2015-05-11,7.949999809265137,8.199999809265137,7.75,8.010000228881836,8.010000228881836,2073000,INO
2015-05-12,8.069999694824219,8.1899995803833,7.920000076293945,8.100000381469727,8.100000381469727,1635800,INO
2015-05-13,8.140000343322754,8.15999984741211,7.829999923706055,7.860000133514404,7.860000133514404,979300,INO
2015-05-14,7.869999885559082,7.989999771118164,7.679999828338623,7.989999771118164,7.989999771118164,863000,INO
2015-05-15,7.989999771118164,8.020000457763672,7.800000190734863,7.96999979019165,7.96999979019165,738300,INO
2015-05-18,7.96999979019165,8.170000076293945,7.880000114440918,8.109999656677246,8.109999656677246,972200,INO
2015-05-19,8.149999618530273,8.279999732971191,7.980000019073486,8.260000228881836,8.260000228881836,801500,INO
2015-05-20,8.229999542236328,8.300000190734863,8.109999656677246,8.210000038146973,8.210000038146973,705300,INO
2015-05-21,8.34000015258789,8.350000381469727,8.149999618530273,8.260000228881836,8.260000228881836,499000,INO
2015-05-22,8.270000457763672,8.890000343322754,8.199999809265137,8.829999923706055,8.829999923706055,2486200,INO
2015-05-26,8.800000190734863,8.800000190734863,8.199999809265137,8.359999656677246,8.359999656677246,1541100,INO
2015-05-27,8.5,8.529999732971191,8.260000228881836,8.390000343322754,8.390000343322754,948700,INO
2015-05-28,8.329999923706055,8.640000343322754,8.279999732971191,8.579999923706055,8.579999923706055,944300,INO
2015-05-29,8.5600004196167,8.649999618530273,8.350000381469727,8.40999984741211,8.40999984741211,1761000,INO
2015-06-01,8.5,8.6899995803833,8.329999923706055,8.34000015258789,8.34000015258789,1397000,INO
2015-06-02,8.359999656677246,8.569999694824219,8.25,8.420000076293945,8.420000076293945,614100,INO
2015-06-03,8.470000267028809,8.640000343322754,8.430000305175781,8.600000381469727,8.600000381469727,1016700,INO
2015-06-04,8.529999732971191,9.06999969482422,8.529999732971191,9.029999732971191,9.029999732971191,2377200,INO
2015-06-05,9.300000190734863,9.300000190734863,8.569999694824219,8.699999809265137,8.699999809265137,3684200,INO
2015-06-08,8.600000381469727,8.819999694824219,8.479999542236328,8.760000228881836,8.760000228881836,1210200,INO
2015-06-09,8.829999923706055,8.899999618530273,8.640000343322754,8.829999923706055,8.829999923706055,1072200,INO
2015-06-10,8.930000305175781,8.9399995803833,8.75,8.859999656677246,8.859999656677246,941700,INO
2015-06-11,8.9399995803833,8.9399995803833,8.770000457763672,8.930000305175781,8.930000305175781,952500,INO
2015-06-12,8.880000114440918,8.880000114440918,8.5600004196167,8.619999885559082,8.619999885559082,856500,INO
2015-06-15,8.619999885559082,8.65999984741211,8.34000015258789,8.5,8.5,929900,INO
2015-06-16,8.430000305175781,8.800000190734863,8.390000343322754,8.630000114440918,8.630000114440918,1095800,INO
2015-06-17,8.680000305175781,8.739999771118164,8.520000457763672,8.680000305175781,8.680000305175781,809700,INO
2015-06-18,8.729999542236328,8.84000015258789,8.619999885559082,8.729999542236328,8.729999542236328,922000,INO
2015-06-19,8.789999961853027,8.920000076293945,8.619999885559082,8.920000076293945,8.920000076293945,2033000,INO
2015-06-22,8.970000267028809,9.100000381469728,8.800000190734863,8.979999542236328,8.979999542236328,949900,INO
2015-06-23,9.029999732971191,9.100000381469728,8.869999885559082,9.09000015258789,9.09000015258789,577300,INO
2015-06-24,9.09000015258789,9.109999656677246,8.789999961853027,8.800000190734863,8.800000190734863,810900,INO
2015-06-25,8.800000190734863,8.829999923706055,8.329999923706055,8.380000114440918,8.380000114440918,1689900,INO
2015-06-26,8.460000038146973,8.579999923706055,8.119999885559082,8.5,8.5,1909600,INO
2015-06-29,8.289999961853027,8.369999885559082,7.989999771118164,7.989999771118164,7.989999771118164,1673200,INO
2015-06-30,8.069999694824219,8.15999984741211,7.889999866485596,8.15999984741211,8.15999984741211,969700,INO
2015-07-01,8.199999809265137,8.300000190734863,7.989999771118164,8.140000343322754,8.140000343322754,832500,INO
2015-07-02,8.149999618530273,8.1899995803833,7.849999904632568,7.920000076293945,7.920000076293945,892600,INO
2015-07-06,7.800000190734863,8.020000457763672,7.610000133514404,7.869999885559082,7.869999885559082,1145400,INO
2015-07-07,7.869999885559082,7.889999866485596,7.460000038146973,7.650000095367432,7.650000095367432,1168500,INO
2015-07-08,7.519999980926514,7.53000020980835,7.019999980926514,7.039999961853027,7.039999961853027,1327300,INO
2015-07-09,7.170000076293945,7.409999847412109,7.159999847412109,7.269999980926514,7.269999980926514,768600,INO
2015-07-10,7.380000114440918,7.480000019073486,7.199999809265137,7.460000038146973,7.460000038146973,651400,INO
2015-07-13,7.550000190734863,7.679999828338623,7.460000038146973,7.599999904632568,7.599999904632568,681900,INO
2015-07-14,7.579999923706055,7.909999847412109,7.510000228881836,7.880000114440918,7.880000114440918,692300,INO
2015-07-15,7.900000095367432,8.0,7.650000095367432,7.760000228881836,7.760000228881836,888000,INO
2015-07-16,7.820000171661377,7.880000114440918,7.539999961853027,7.710000038146973,7.710000038146973,572300,INO
2015-07-17,7.71999979019165,7.840000152587891,7.53000020980835,7.670000076293945,7.670000076293945,559000,INO
2015-07-20,7.670000076293945,7.690000057220459,7.340000152587891,7.5,7.5,690300,INO
2015-07-21,7.53000020980835,7.550000190734863,7.28000020980835,7.309999942779541,7.309999942779541,645000,INO
2015-07-22,7.25,7.409999847412109,7.170000076293945,7.320000171661377,7.320000171661377,572100,INO
2015-07-23,7.429999828338623,7.519999980926514,7.199999809265137,7.230000019073486,7.230000019073486,453600,INO
2015-07-24,7.190000057220459,7.25,7.010000228881836,7.059999942779541,7.059999942779541,819700,INO
2015-07-27,7.050000190734863,7.230000019073486,6.900000095367432,7.179999828338623,7.179999828338623,851000,INO
2015-07-28,7.25,7.400000095367432,7.130000114440918,7.400000095367432,7.400000095367432,906800,INO
2015-07-29,7.46999979019165,7.570000171661377,7.340000152587891,7.400000095367432,7.400000095367432,936700,INO
2015-07-30,7.349999904632568,7.449999809265137,7.110000133514404,7.210000038146973,7.210000038146973,601900,INO
2015-07-31,7.289999961853027,7.449999809265137,7.159999847412109,7.289999961853027,7.289999961853027,611100,INO
2015-08-03,7.289999961853027,7.480000019073486,7.199999809265137,7.25,7.25,589400,INO
2015-08-04,7.21999979019165,7.329999923706055,7.119999885559082,7.150000095367432,7.150000095367432,536900,INO
2015-08-05,7.150000095367432,7.289999961853027,7.099999904632568,7.179999828338623,7.179999828338623,412800,INO
2015-08-06,7.159999847412109,7.170000076293945,6.659999847412109,6.800000190734863,6.800000190734863,1284400,INO
2015-08-07,6.820000171661377,6.940000057220459,6.349999904632568,6.489999771118164,6.489999771118164,1433800,INO
2015-08-10,8.0,8.829999923706055,7.550000190734863,8.1899995803833,8.1899995803833,18084400,INO
2015-08-11,8.25,8.289999961853027,7.699999809265137,7.820000171661377,7.820000171661377,3874300,INO
2015-08-12,7.679999828338623,7.869999885559082,7.150000095367432,7.820000171661377,7.820000171661377,2600600,INO
2015-08-13,7.820000171661377,7.940000057220459,7.329999923706055,7.340000152587891,7.340000152587891,1424600,INO
2015-08-14,7.309999942779541,7.440000057220459,7.150000095367432,7.369999885559082,7.369999885559082,1268000,INO
2015-08-17,7.400000095367432,7.900000095367432,7.300000190734863,7.880000114440918,7.880000114440918,1577000,INO
2015-08-18,7.849999904632568,7.869999885559082,7.440000057220459,7.440000057220459,7.440000057220459,1071200,INO
2015-08-19,7.400000095367432,7.849999904632568,7.21999979019165,7.639999866485596,7.639999866485596,2372200,INO
2015-08-20,7.599999904632568,7.690000057220459,7.050000190734863,7.050000190734863,7.050000190734863,1847500,INO
2015-08-21,6.909999847412109,7.260000228881836,6.769999980926514,7.039999961853027,7.039999961853027,1707100,INO
2015-08-24,6.5,7.059999942779541,6.190000057220459,6.539999961853027,6.539999961853027,2058200,INO
2015-08-25,6.949999809265137,6.96999979019165,6.559999942779541,6.590000152587891,6.590000152587891,1681100,INO
2015-08-26,6.78000020980835,6.840000152587891,6.429999828338623,6.800000190734863,6.800000190734863,1524000,INO
2015-08-27,6.869999885559082,7.050000190734863,6.71999979019165,6.980000019073486,6.980000019073486,1827500,INO
2015-08-28,7.369999885559082,7.739999771118164,7.300000190734863,7.730000019073486,7.730000019073486,2638000,INO
2015-08-31,7.730000019073486,7.900000095367432,7.46999979019165,7.489999771118164,7.489999771118164,1523200,INO
2015-09-01,7.25,7.360000133514404,7.050000190734863,7.099999904632568,7.099999904632568,1347000,INO
2015-09-02,7.210000038146973,7.28000020980835,7.010000228881836,7.230000019073486,7.230000019073486,1290900,INO
2015-09-03,7.159999847412109,7.300000190734863,7.010000228881836,7.090000152587891,7.090000152587891,1030700,INO
2015-09-04,7.0,7.179999828338623,6.940000057220459,7.110000133514404,7.110000133514404,832300,INO
2015-09-08,7.199999809265137,7.28000020980835,6.980000019073486,7.150000095367432,7.150000095367432,998500,INO
2015-09-09,7.239999771118164,7.349999904632568,6.900000095367432,6.900000095367432,6.900000095367432,1733700,INO
2015-09-10,6.860000133514404,7.110000133514404,6.860000133514404,7.110000133514404,7.110000133514404,2031900,INO
2015-09-11,7.070000171661377,7.340000152587891,7.039999961853027,7.340000152587891,7.340000152587891,1065900,INO
2015-09-14,7.329999923706055,7.389999866485596,7.179999828338623,7.349999904632568,7.349999904632568,698800,INO
2015-09-15,7.340000152587891,7.570000171661377,7.289999961853027,7.46999979019165,7.46999979019165,948200,INO
2015-09-16,7.510000228881836,7.619999885559082,7.369999885559082,7.46999979019165,7.46999979019165,629000,INO
2015-09-17,7.860000133514404,7.900000095367432,7.5,7.639999866485596,7.639999866485596,1790500,INO
2015-09-18,7.5,7.599999904632568,7.300000190734863,7.389999866485596,7.389999866485596,1608500,INO
2015-09-21,7.559999942779541,7.619999885559082,7.139999866485596,7.289999961853027,7.289999961853027,1734200,INO
2015-09-22,7.110000133514404,7.28000020980835,6.980000019073486,7.190000057220459,7.190000057220459,1316200,INO
2015-09-23,7.199999809265137,7.320000171661377,7.03000020980835,7.079999923706055,7.079999923706055,759800,INO
2015-09-24,7.03000020980835,7.190000057220459,6.900000095367432,7.170000076293945,7.170000076293945,1093700,INO
2015-09-25,7.230000019073486,7.25,6.5,6.570000171661377,6.570000171661377,2149200,INO
2015-09-28,6.519999980926514,6.559999942779541,5.949999809265137,6.119999885559082,6.119999885559082,2287800,INO
2015-09-29,6.099999904632568,6.199999809265137,5.5,5.690000057220459,5.690000057220459,2066600,INO
2015-09-30,5.789999961853027,5.940000057220459,5.46999979019165,5.78000020980835,5.78000020980835,1931800,INO
2015-10-01,5.820000171661377,5.829999923706055,5.510000228881836,5.679999828338623,5.679999828338623,1300400,INO
2015-10-02,5.570000171661377,5.940000057220459,5.320000171661377,5.909999847412109,5.909999847412109,1506500,INO
2015-10-05,5.949999809265137,6.239999771118164,5.949999809265137,6.150000095367432,6.150000095367432,1303200,INO
2015-10-06,6.199999809265137,6.239999771118164,5.630000114440918,5.820000171661377,5.820000171661377,1618000,INO
2015-10-07,5.889999866485596,6.190000057220459,5.75,6.019999980926514,6.019999980926514,1397900,INO
2015-10-08,5.96999979019165,6.039999961853027,5.760000228881836,5.960000038146973,5.960000038146973,1148700,INO
2015-10-09,6.0,6.190000057220459,5.949999809265137,6.159999847412109,6.159999847412109,880900,INO
2015-10-12,6.139999866485596,6.199999809265137,5.860000133514404,5.909999847412109,5.909999847412109,1042000,INO
2015-10-13,5.829999923706055,6.039999961853027,5.639999866485596,5.650000095367432,5.650000095367432,1170900,INO
2015-10-14,5.650000095367432,6.059999942779541,5.650000095367432,5.900000095367432,5.900000095367432,1065300,INO
2015-10-15,5.889999866485596,6.300000190734863,5.809999942779541,6.289999961853027,6.289999961853027,1398400,INO
2015-10-16,6.28000020980835,6.389999866485596,6.079999923706055,6.230000019073486,6.230000019073486,1178900,INO
2015-10-19,6.21999979019165,6.409999847412109,6.059999942779541,6.260000228881836,6.260000228881836,1056500,INO
2015-10-20,6.230000019073486,6.360000133514404,6.099999904632568,6.28000020980835,6.28000020980835,1320600,INO
2015-10-21,6.320000171661377,6.360000133514404,6.03000020980835,6.239999771118164,6.239999771118164,1196000,INO
2015-10-22,6.230000019073486,6.449999809265137,6.079999923706055,6.389999866485596,6.389999866485596,1382100,INO
2015-10-23,6.449999809265137,6.710000038146973,6.409999847412109,6.610000133514404,6.610000133514404,1725700,INO
2015-10-26,6.599999904632568,6.699999809265137,6.46999979019165,6.570000171661377,6.570000171661377,790700,INO
2015-10-27,6.519999980926514,6.550000190734863,6.300000190734863,6.429999828338623,6.429999828338623,1226900,INO
2015-10-28,6.480000019073486,6.679999828338623,6.320000171661377,6.670000076293945,6.670000076293945,1364600,INO
2015-10-29,6.590000152587891,6.78000020980835,6.449999809265137,6.460000038146973,6.460000038146973,998100,INO
2015-10-30,6.46999979019165,6.550000190734863,6.309999942779541,6.329999923706055,6.329999923706055,705100,INO
2015-11-02,6.349999904632568,6.679999828338623,6.329999923706055,6.659999847412109,6.659999847412109,1255200,INO
2015-11-03,6.619999885559082,6.809999942779541,6.559999942779541,6.599999904632568,6.599999904632568,1237700,INO
2015-11-04,6.610000133514404,6.699999809265137,6.480000019073486,6.579999923706055,6.579999923706055,949300,INO
2015-11-05,6.849999904632568,6.920000076293945,6.650000095367432,6.820000171661377,6.820000171661377,1394200,INO
2015-11-06,6.849999904632568,6.869999885559082,6.559999942779541,6.730000019073486,6.730000019073486,1604000,INO
2015-11-09,6.760000228881836,7.059999942779541,6.550000190734863,7.019999980926514,7.019999980926514,1543900,INO
2015-11-10,7.0,7.0,6.659999847412109,6.940000057220459,6.940000057220459,1432400,INO
2015-11-11,6.940000057220459,7.25,6.800000190734863,7.110000133514404,7.110000133514404,1918900,INO
2015-11-12,6.989999771118164,7.400000095367432,6.949999809265137,7.050000190734863,7.050000190734863,1328900,INO
2015-11-13,7.010000228881836,7.25,6.960000038146973,7.079999923706055,7.079999923706055,1020600,INO
2015-11-16,7.010000228881836,7.159999847412109,6.820000171661377,6.940000057220459,6.940000057220459,1121800,INO
2015-11-17,6.980000019073486,7.039999961853027,6.760000228881836,6.869999885559082,6.869999885559082,1074200,INO
2015-11-18,6.889999866485596,6.949999809265137,6.679999828338623,6.730000019073486,6.730000019073486,1745200,INO
2015-11-19,6.75,7.139999866485596,6.730000019073486,6.809999942779541,6.809999942779541,1479100,INO
2015-11-20,6.829999923706055,6.940000057220459,6.769999980926514,6.800000190734863,6.800000190734863,967300,INO
2015-11-23,6.769999980926514,6.989999771118164,6.739999771118164,6.880000114440918,6.880000114440918,936900,INO
2015-11-24,6.820000171661377,7.099999904632568,6.820000171661377,7.070000171661377,7.070000171661377,824100,INO
2015-11-25,7.039999961853027,7.28000020980835,6.980000019073486,7.230000019073486,7.230000019073486,955400,INO
2015-11-27,7.21999979019165,7.409999847412109,7.21999979019165,7.360000133514404,7.360000133514404,605400,INO
2015-11-30,7.400000095367432,7.619999885559082,7.340000152587891,7.409999847412109,7.409999847412109,1266100,INO
2015-12-01,7.429999828338623,7.429999828338623,7.260000228881836,7.349999904632568,7.349999904632568,745800,INO
2015-12-02,7.300000190734863,7.570000171661377,7.269999980926514,7.300000190734863,7.300000190734863,884400,INO
2015-12-03,7.309999942779541,7.360000133514404,6.889999866485596,6.940000057220459,6.940000057220459,966800,INO
2015-12-04,6.920000076293945,7.139999866485596,6.869999885559082,7.119999885559082,7.119999885559082,859600,INO
2015-12-07,7.090000152587891,7.110000133514404,6.699999809265137,6.769999980926514,6.769999980926514,1110200,INO
2015-12-08,6.699999809265137,6.78000020980835,6.579999923706055,6.710000038146973,6.710000038146973,1040100,INO
2015-12-09,6.710000038146973,6.840000152587891,6.630000114440918,6.699999809265137,6.699999809265137,847100,INO
2015-12-10,6.670000076293945,6.849999904632568,6.559999942779541,6.690000057220459,6.690000057220459,794000,INO
2015-12-11,6.53000020980835,6.679999828338623,6.170000076293945,6.21999979019165,6.21999979019165,1086400,INO
2015-12-14,6.21999979019165,6.400000095367432,6.050000190734863,6.139999866485596,6.139999866485596,1395500,INO
2015-12-15,6.21999979019165,6.320000171661377,6.139999866485596,6.260000228881836,6.260000228881836,1068600,INO
2015-12-16,6.28000020980835,6.659999847412109,6.199999809265137,6.630000114440918,6.630000114440918,1355300,INO
2015-12-17,6.659999847412109,6.739999771118164,6.449999809265137,6.619999885559082,6.619999885559082,781900,INO
2015-12-18,6.639999866485596,6.869999885559082,6.550000190734863,6.869999885559082,6.869999885559082,6631000,INO
2015-12-21,6.940000057220459,7.0,6.659999847412109,6.889999866485596,6.889999866485596,997600,INO
2015-12-22,6.889999866485596,7.050000190734863,6.829999923706055,6.949999809265137,6.949999809265137,980000,INO
2015-12-23,6.96999979019165,7.110000133514404,6.900000095367432,6.940000057220459,6.940000057220459,669900,INO
2015-12-24,6.900000095367432,7.139999866485596,6.849999904632568,7.070000171661377,7.070000171661377,474500,INO
2015-12-28,7.0,7.130000114440918,6.949999809265137,7.03000020980835,7.03000020980835,753800,INO
2015-12-29,7.079999923706055,7.159999847412109,6.980000019073486,7.079999923706055,7.079999923706055,991000,INO
2015-12-30,7.039999961853027,7.150000095367432,6.989999771118164,7.0,7.0,719900,INO
2015-12-31,6.960000038146973,7.019999980926514,6.690000057220459,6.71999979019165,6.71999979019165,1023300,INO
2016-01-04,6.510000228881836,6.550000190734863,6.25,6.400000095367432,6.400000095367432,1147200,INO
2016-01-05,6.460000038146973,6.559999942779541,6.300000190734863,6.300000190734863,6.300000190734863,720500,INO
2016-01-06,6.230000019073486,6.400000095367432,6.03000020980835,6.119999885559082,6.119999885559082,1132200,INO
2016-01-07,5.989999771118164,6.010000228881836,5.75,5.75,5.75,1402100,INO
2016-01-08,5.900000095367432,5.920000076293945,5.699999809265137,5.760000228881836,5.760000228881836,1077300,INO
2016-01-11,5.78000020980835,5.829999923706055,5.210000038146973,5.349999904632568,5.349999904632568,1816400,INO
2016-01-12,5.400000095367432,5.809999942779541,5.329999923706055,5.539999961853027,5.539999961853027,1747500,INO
2016-01-13,5.579999923706055,5.670000076293945,5.130000114440918,5.170000076293945,5.170000076293945,1221500,INO
2016-01-14,5.170000076293945,5.269999980926514,4.789999961853027,5.159999847412109,5.159999847412109,1384800,INO
2016-01-15,4.909999847412109,5.230000019073486,4.840000152587891,5.210000038146973,5.210000038146973,1474800,INO
2016-01-19,5.269999980926514,5.349999904632568,4.829999923706055,4.920000076293945,4.920000076293945,1164400,INO
2016-01-20,4.800000190734863,5.090000152587891,4.5,4.989999771118164,4.989999771118164,1685100,INO
2016-01-21,4.960000038146973,5.260000228881836,4.820000171661377,5.059999942779541,5.059999942779541,1007700,INO
2016-01-22,5.159999847412109,5.409999847412109,5.0,5.070000171661377,5.070000171661377,1451600,INO
2016-01-25,5.050000190734863,5.369999885559082,5.019999980926514,5.139999866485596,5.139999866485596,1311400,INO
2016-01-26,5.190000057220459,5.269999980926514,4.940000057220459,5.239999771118164,5.239999771118164,1250400,INO
2016-01-27,5.25,5.75,5.25,5.369999885559082,5.369999885559082,3199600,INO
2016-01-28,6.0,6.320000171661377,5.519999980926514,5.78000020980835,5.78000020980835,7274500,INO
2016-01-29,6.289999961853027,6.699999809265137,6.150000095367432,6.679999828338623,6.679999828338623,8909500,INO
2016-02-01,7.150000095367432,7.199999809265137,6.510000228881836,6.730000019073486,6.730000019073486,9205100,INO
2016-02-02,6.5,6.630000114440918,6.050000190734863,6.5,6.5,5012400,INO
2016-02-03,6.550000190734863,6.570000171661377,5.860000133514404,6.039999961853027,6.039999961853027,3517300,INO
2016-02-04,6.059999942779541,6.380000114440918,5.960000038146973,6.260000228881836,6.260000228881836,2525100,INO
2016-02-05,6.179999828338623,6.269999980926514,5.960000038146973,6.010000228881836,6.010000228881836,1908600,INO
2016-02-08,5.989999771118164,6.070000171661377,5.75,6.0,6.0,2244000,INO
2016-02-09,5.860000133514404,6.139999866485596,5.699999809265137,5.840000152587891,5.840000152587891,1650900,INO
2016-02-10,5.900000095367432,6.050000190734863,5.71999979019165,5.78000020980835,5.78000020980835,1384400,INO
2016-02-11,6.110000133514404,6.360000133514404,5.860000133514404,6.190000057220459,6.190000057220459,3562000,INO
2016-02-12,6.21999979019165,6.320000171661377,6.03000020980835,6.269999980926514,6.269999980926514,1547100,INO
2016-02-16,6.349999904632568,6.610000133514404,6.28000020980835,6.570000171661377,6.570000171661377,1542600,INO
2016-02-17,7.0,7.099999904632568,6.75,6.920000076293945,6.920000076293945,3009900,INO
2016-02-18,6.940000057220459,6.949999809265137,6.409999847412109,6.449999809265137,6.449999809265137,1587200,INO
2016-02-19,6.579999923706055,6.619999885559082,6.269999980926514,6.449999809265137,6.449999809265137,1470400,INO
2016-02-22,6.579999923706055,6.730000019073486,6.440000057220459,6.679999828338623,6.679999828338623,981200,INO
2016-02-23,6.650000095367432,6.699999809265137,6.440000057220459,6.440000057220459,6.440000057220459,832700,INO
2016-02-24,6.349999904632568,6.480000019073486,6.139999866485596,6.449999809265137,6.449999809265137,1061400,INO
2016-02-25,6.5,6.570000171661377,6.320000171661377,6.480000019073486,6.480000019073486,732400,INO
2016-02-26,6.5,6.559999942779541,6.360000133514404,6.5,6.5,806000,INO
2016-02-29,6.5,6.53000020980835,6.289999961853027,6.300000190734863,6.300000190734863,856000,INO
2016-03-01,6.309999942779541,6.579999923706055,6.210000038146973,6.579999923706055,6.579999923706055,969600,INO
2016-03-02,6.579999923706055,7.010000228881836,6.480000019073486,6.96999979019165,6.96999979019165,2198800,INO
2016-03-03,7.119999885559082,7.199999809265137,6.929999828338623,7.039999961853027,7.039999961853027,2235200,INO
2016-03-04,7.079999923706055,7.309999942779541,6.849999904632568,7.0,7.0,1747000,INO
2016-03-07,7.019999980926514,7.550000190734863,7.0,7.480000019073486,7.480000019073486,1955300,INO
2016-03-08,7.599999904632568,7.650000095367432,6.860000133514404,6.900000095367432,6.900000095367432,2912000,INO
2016-03-09,7.070000171661377,7.119999885559082,6.760000228881836,7.019999980926514,7.019999980926514,1578300,INO
2016-03-10,7.03000020980835,7.130000114440918,6.610000133514404,6.699999809265137,6.699999809265137,1392300,INO
2016-03-11,6.920000076293945,6.920000076293945,6.619999885559082,6.880000114440918,6.880000114440918,1053400,INO
2016-03-14,6.5,6.840000152587891,6.25,6.679999828338623,6.679999828338623,1940400,INO
2016-03-15,6.53000020980835,6.699999809265137,6.420000076293945,6.539999961853027,6.539999961853027,1034800,INO
2016-03-16,6.489999771118164,6.78000020980835,6.489999771118164,6.579999923706055,6.579999923706055,1006600,INO
2016-03-17,6.610000133514404,7.090000152587891,6.460000038146973,6.980000019073486,6.980000019073486,1427500,INO
2016-03-18,7.050000190734863,7.199999809265137,6.940000057220459,7.119999885559082,7.119999885559082,2206000,INO
2016-03-21,7.079999923706055,7.289999961853027,6.940000057220459,7.25,7.25,1176500,INO
2016-03-22,7.53000020980835,7.949999809265137,7.409999847412109,7.849999904632568,7.849999904632568,3766900,INO
2016-03-23,7.800000190734863,7.849999904632568,7.599999904632568,7.619999885559082,7.619999885559082,1986900,INO
2016-03-24,7.619999885559082,7.900000095367432,7.409999847412109,7.900000095367432,7.900000095367432,1325200,INO
2016-03-28,7.960000038146973,8.170000076293945,7.809999942779541,8.020000457763672,8.020000457763672,1566100,INO
2016-03-29,7.940000057220459,8.149999618530273,7.659999847412109,8.140000343322754,8.140000343322754,1588700,INO
2016-03-30,8.1899995803833,8.789999961853027,8.1899995803833,8.630000114440918,8.630000114440918,3062200,INO
2016-03-31,8.779999732971191,9.100000381469728,8.649999618530273,8.710000038146973,8.710000038146973,2162900,INO
2016-04-01,8.720000267028809,9.350000381469728,8.600000381469727,9.25,9.25,2499700,INO
2016-04-04,9.5,9.899999618530272,9.460000038146973,9.65999984741211,9.65999984741211,2944300,INO
2016-04-05,9.510000228881836,9.600000381469728,8.8100004196167,8.890000343322754,8.890000343322754,2666900,INO
2016-04-06,8.930000305175781,9.489999771118164,8.90999984741211,9.479999542236328,9.479999542236328,2002100,INO
2016-04-07,9.390000343322754,9.65999984741211,9.1899995803833,9.34000015258789,9.34000015258789,1392200,INO
2016-04-08,9.4399995803833,9.470000267028809,8.869999885559082,9.210000038146973,9.210000038146973,1334200,INO
2016-04-11,9.43000030517578,9.4399995803833,9.010000228881836,9.050000190734863,9.050000190734863,1310300,INO
2016-04-12,9.119999885559082,9.34000015258789,8.760000228881836,9.300000190734863,9.300000190734863,1781900,INO
2016-04-13,9.329999923706056,9.449999809265137,9.079999923706056,9.279999732971191,9.279999732971191,1450100,INO
2016-04-14,9.239999771118164,9.699999809265137,9.119999885559082,9.529999732971191,9.529999732971191,1852000,INO
2016-04-15,9.649999618530272,9.649999618530272,9.329999923706056,9.489999771118164,9.489999771118164,1053200,INO
2016-04-18,9.449999809265137,10.15999984741211,9.350000381469728,10.06999969482422,10.06999969482422,2012100,INO
2016-04-19,10.050000190734863,10.34000015258789,9.949999809265137,10.0,10.0,1769100,INO
2016-04-20,9.920000076293944,10.149999618530272,9.710000038146973,9.739999771118164,9.739999771118164,1453400,INO
2016-04-21,9.760000228881836,10.25,9.699999809265137,10.1899995803833,10.1899995803833,1581400,INO
2016-04-22,10.210000038146973,10.4399995803833,10.039999961853027,10.329999923706056,10.329999923706056,1418200,INO
2016-04-25,10.25,10.649999618530272,10.199999809265137,10.489999771118164,10.489999771118164,1391500,INO
2016-04-26,10.5,10.649999618530272,10.380000114440918,10.470000267028809,10.470000267028809,1137600,INO
2016-04-27,10.550000190734863,11.140000343322754,10.4399995803833,10.93000030517578,10.93000030517578,1699800,INO
2016-04-28,11.0,11.6899995803833,10.899999618530272,11.18000030517578,11.18000030517578,2163300,INO
2016-04-29,11.279999732971191,11.5,10.199999809265137,10.479999542236328,10.479999542236328,3065000,INO
2016-05-02,10.619999885559082,10.899999618530272,10.359999656677246,10.880000114440918,10.880000114440918,1315900,INO
2016-05-03,10.75,10.899999618530272,10.359999656677246,10.359999656677246,10.359999656677246,1317300,INO
2016-05-04,10.329999923706056,10.489999771118164,9.359999656677246,9.390000343322754,9.390000343322754,2711800,INO
2016-05-05,9.550000190734863,9.630000114440918,8.800000190734863,9.079999923706056,9.079999923706056,2389500,INO
2016-05-06,8.890000343322754,9.140000343322754,8.630000114440918,8.960000038146973,8.960000038146973,1200700,INO
2016-05-09,9.729999542236328,9.989999771118164,9.369999885559082,9.520000457763672,9.520000457763672,2211000,INO
2016-05-10,9.75,9.779999732971191,9.149999618530272,9.380000114440918,9.380000114440918,1100500,INO
2016-05-11,9.40999984741211,9.779999732971191,9.239999771118164,9.489999771118164,9.489999771118164,1024400,INO
2016-05-12,9.40999984741211,9.630000114440918,9.130000114440918,9.390000343322754,9.390000343322754,1308600,INO
2016-05-13,9.359999656677246,9.600000381469728,9.25,9.329999923706056,9.329999923706056,1110000,INO
2016-05-16,9.699999809265137,10.199999809265137,9.649999618530272,9.93000030517578,9.93000030517578,1582500,INO
2016-05-17,9.90999984741211,10.289999961853027,9.75,10.0600004196167,10.0600004196167,1183100,INO
2016-05-18,10.220000267028809,10.600000381469728,10.079999923706056,10.3100004196167,10.3100004196167,1676900,INO
2016-05-19,10.34000015258789,10.399999618530272,9.979999542236328,10.100000381469728,10.100000381469728,952600,INO
2016-05-20,10.119999885559082,10.59000015258789,10.0,10.449999809265137,10.449999809265137,1681500,INO
2016-05-23,10.789999961853027,11.140000343322754,10.619999885559082,10.8100004196167,10.8100004196167,2193100,INO
2016-05-24,11.18000030517578,11.18000030517578,10.829999923706056,11.130000114440918,11.130000114440918,2054100,INO
2016-05-25,11.199999809265137,11.5,11.079999923706056,11.15999984741211,11.15999984741211,1879500,INO
2016-05-26,11.239999771118164,11.260000228881836,10.65999984741211,10.6899995803833,10.6899995803833,1318100,INO
2016-05-27,10.649999618530272,10.6899995803833,10.029999732971191,10.609999656677246,10.609999656677246,1684200,INO
2016-05-31,10.670000076293944,11.350000381469728,10.670000076293944,11.31999969482422,11.31999969482422,2289400,INO
2016-06-01,11.130000114440918,11.59000015258789,11.130000114440918,11.229999542236328,11.229999542236328,2454900,INO
2016-06-02,11.289999961853027,11.489999771118164,11.199999809265137,11.390000343322754,11.390000343322754,1230600,INO
2016-06-03,11.350000381469728,11.489999771118164,11.0,11.079999923706056,11.079999923706056,1527200,INO
2016-06-06,11.119999885559082,11.329999923706056,10.949999809265137,11.329999923706056,11.329999923706056,1101400,INO
2016-06-07,11.289999961853027,11.31999969482422,11.079999923706056,11.09000015258789,11.09000015258789,924000,INO
2016-06-08,11.050000190734863,11.270000457763672,11.010000228881836,11.239999771118164,11.239999771118164,1108200,INO
2016-06-09,11.140000343322754,11.550000190734863,11.0,11.010000228881836,11.010000228881836,1643400,INO
2016-06-10,10.970000267028809,11.0,10.25,10.619999885559082,10.619999885559082,1695700,INO
2016-06-13,10.520000457763672,10.760000228881836,10.170000076293944,10.199999809265137,10.199999809265137,1278400,INO
2016-06-14,10.149999618530272,10.449999809265137,9.949999809265137,10.270000457763672,10.270000457763672,1020800,INO
2016-06-15,10.350000381469728,10.84000015258789,10.3100004196167,10.6899995803833,10.6899995803833,1325200,INO
2016-06-16,10.59000015258789,10.75,10.350000381469728,10.739999771118164,10.739999771118164,946200,INO
2016-06-17,10.800000190734863,10.869999885559082,10.449999809265137,10.470000267028809,10.470000267028809,1898900,INO
2016-06-20,10.800000190734863,11.25,10.649999618530272,11.199999809265137,11.199999809265137,2873600,INO
2016-06-21,11.479999542236328,11.619999885559082,11.25,11.260000228881836,11.260000228881836,3736600,INO
2016-06-22,10.93000030517578,11.0,10.130000114440918,10.199999809265137,10.199999809265137,3451100,INO
2016-06-23,10.260000228881836,10.359999656677246,9.550000190734863,9.850000381469728,9.850000381469728,3238500,INO
2016-06-24,9.109999656677246,9.489999771118164,9.029999732971191,9.170000076293944,9.170000076293944,2744500,INO
2016-06-27,9.029999732971191,9.050000190734863,8.239999771118164,8.289999961853027,8.289999961853027,2913900,INO
2016-06-28,8.449999809265137,9.270000457763672,8.449999809265137,9.210000038146973,9.210000038146973,2190400,INO
2016-06-29,9.59000015258789,9.600000381469728,9.039999961853027,9.43000030517578,9.43000030517578,2260100,INO
2016-06-30,9.539999961853027,9.539999961853027,9.119999885559082,9.239999771118164,9.239999771118164,1331400,INO
2016-07-01,9.15999984741211,9.369999885559082,9.15999984741211,9.350000381469728,9.350000381469728,1245800,INO
2016-07-05,9.300000190734863,9.300000190734863,9.06999969482422,9.170000076293944,9.170000076293944,875400,INO
2016-07-06,9.09000015258789,9.210000038146973,8.880000114440918,9.199999809265137,9.199999809265137,1151800,INO
2016-07-07,9.199999809265137,9.229999542236328,8.949999809265137,9.079999923706056,9.079999923706056,1085100,INO
2016-07-08,8.9399995803833,9.279999732971191,8.899999618530273,9.109999656677246,9.109999656677246,1444800,INO
2016-07-11,9.149999618530272,9.369999885559082,9.109999656677246,9.119999885559082,9.119999885559082,898900,INO
2016-07-12,9.210000038146973,9.25,9.050000190734863,9.079999923706056,9.079999923706056,762900,INO
2016-07-13,9.079999923706056,9.18000030517578,8.680000305175781,8.680000305175781,8.680000305175781,1346300,INO
2016-07-14,8.8100004196167,9.0,8.550000190734863,8.8100004196167,8.8100004196167,1009600,INO
2016-07-15,8.829999923706055,8.90999984741211,8.649999618530273,8.880000114440918,8.880000114440918,665300,INO
2016-07-18,8.970000267028809,9.109999656677246,8.829999923706055,9.09000015258789,9.09000015258789,672800,INO
2016-07-19,9.029999732971191,9.1899995803833,8.789999961853027,8.8100004196167,8.8100004196167,1073500,INO
2016-07-20,8.850000381469727,9.300000190734863,8.8100004196167,9.220000267028809,9.220000267028809,1234700,INO
2016-07-21,9.260000228881836,9.399999618530272,9.010000228881836,9.050000190734863,9.050000190734863,752700,INO
2016-07-22,9.130000114440918,9.25,9.0,9.130000114440918,9.130000114440918,553700,INO
2016-07-25,9.149999618530272,9.399999618530272,9.029999732971191,9.149999618530272,9.149999618530272,683500,INO
2016-07-26,9.239999771118164,9.739999771118164,9.170000076293944,9.550000190734863,9.550000190734863,1869700,INO
2016-07-27,9.739999771118164,9.800000190734863,9.4399995803833,9.649999618530272,9.649999618530272,1200200,INO
2016-07-28,9.6899995803833,9.84000015258789,9.510000228881836,9.619999885559082,9.619999885559082,595600,INO
2016-07-29,9.539999961853027,9.93000030517578,9.43000030517578,9.880000114440918,9.880000114440918,1487900,INO
2016-08-01,10.199999809265137,10.5,10.0600004196167,10.420000076293944,10.420000076293944,2514300,INO
2016-08-02,10.760000228881836,11.0,9.920000076293944,10.15999984741211,10.15999984741211,2827800,INO
2016-08-03,9.609999656677246,9.739999771118164,9.149999618530272,9.600000381469728,9.600000381469728,3058000,INO
2016-08-04,9.829999923706056,9.9399995803833,9.600000381469728,9.640000343322754,9.640000343322754,1474800,INO
2016-08-05,9.75,9.890000343322754,9.600000381469728,9.850000381469728,9.850000381469728,1550200,INO
2016-08-08,9.899999618530272,9.949999809265137,9.119999885559082,9.350000381469728,9.350000381469728,2159300,INO
2016-08-09,9.050000190734863,9.09000015258789,8.520000457763672,9.050000190734863,9.050000190734863,2035000,INO
2016-08-10,9.06999969482422,9.100000381469728,8.739999771118164,8.779999732971191,8.779999732971191,1380200,INO
2016-08-11,8.850000381469727,9.06999969482422,8.640000343322754,8.960000038146973,8.960000038146973,1127800,INO
2016-08-12,8.90999984741211,9.050000190734863,8.829999923706055,8.949999809265137,8.949999809265137,613900,INO
2016-08-15,8.949999809265137,9.119999885559082,8.859999656677246,8.880000114440918,8.880000114440918,885600,INO
2016-08-16,8.84000015258789,8.960000038146973,8.75,8.760000228881836,8.760000228881836,763100,INO
2016-08-17,8.75,8.829999923706055,8.529999732971191,8.579999923706055,8.579999923706055,918400,INO
2016-08-18,8.579999923706055,8.75,8.510000228881836,8.6899995803833,8.6899995803833,729600,INO
2016-08-19,8.630000114440918,8.65999984741211,8.5,8.569999694824219,8.569999694824219,750200,INO
2016-08-22,8.680000305175781,9.109999656677246,8.520000457763672,9.0600004196167,9.0600004196167,1567100,INO
2016-08-23,9.100000381469728,9.369999885559082,9.050000190734863,9.140000343322754,9.140000343322754,960200,INO
2016-08-24,9.140000343322754,9.239999771118164,8.5,8.569999694824219,8.569999694824219,1636100,INO
2016-08-25,8.630000114440918,8.899999618530273,8.5,8.670000076293945,8.670000076293945,1494000,INO
2016-08-26,8.710000038146973,8.890000343322754,8.65999984741211,8.859999656677246,8.859999656677246,987200,INO
2016-08-29,9.1899995803833,9.550000190734863,9.119999885559082,9.270000457763672,9.270000457763672,2831700,INO
2016-08-30,9.539999961853027,9.619999885559082,9.329999923706056,9.449999809265137,9.449999809265137,1633700,INO
2016-08-31,9.420000076293944,9.479999542236328,9.09000015258789,9.170000076293944,9.170000076293944,1189100,INO
2016-09-01,9.119999885559082,9.270000457763672,9.010000228881836,9.140000343322754,9.140000343322754,1007900,INO
2016-09-02,9.149999618530272,9.25,9.050000190734863,9.079999923706056,9.079999923706056,605800,INO
2016-09-06,9.119999885559082,9.18000030517578,8.869999885559082,9.0,9.0,969300,INO
2016-09-07,8.880000114440918,9.09000015258789,8.869999885559082,9.050000190734863,9.050000190734863,632200,INO
2016-09-08,9.050000190734863,9.0600004196167,8.869999885559082,8.9399995803833,8.9399995803833,672900,INO
2016-09-09,8.8100004196167,8.84000015258789,8.510000228881836,8.520000457763672,8.520000457763672,1299400,INO
2016-09-12,8.5,9.279999732971191,8.460000038146973,9.270000457763672,9.270000457763672,2592500,INO
2016-09-13,9.239999771118164,9.300000190734863,8.960000038146973,9.220000267028809,9.220000267028809,1471700,INO
2016-09-14,9.300000190734863,9.479999542236328,9.1899995803833,9.470000267028809,9.470000267028809,1545000,INO
2016-09-15,9.5,9.579999923706056,9.279999732971191,9.479999542236328,9.479999542236328,1029900,INO
2016-09-16,9.420000076293944,9.529999732971191,9.15999984741211,9.239999771118164,9.239999771118164,1488500,INO
2016-09-19,9.260000228881836,9.43000030517578,9.140000343322754,9.210000038146973,9.210000038146973,873500,INO
2016-09-20,9.300000190734863,9.5,9.210000038146973,9.369999885559082,9.369999885559082,984900,INO
2016-09-21,9.380000114440918,9.84000015258789,9.100000381469728,9.800000190734863,9.800000190734863,2612000,INO
2016-09-22,9.800000190734863,9.850000381469728,9.619999885559082,9.739999771118164,9.739999771118164,854800,INO
2016-09-23,9.670000076293944,9.789999961853027,9.489999771118164,9.5,9.5,772600,INO
2016-09-26,9.40999984741211,9.640000343322754,9.40999984741211,9.4399995803833,9.4399995803833,628600,INO
2016-09-27,9.510000228881836,9.68000030517578,9.449999809265137,9.59000015258789,9.59000015258789,783100,INO
2016-09-28,9.56999969482422,9.6899995803833,9.380000114440918,9.539999961853027,9.539999961853027,899700,INO
2016-09-29,9.479999542236328,9.56999969482422,9.260000228881836,9.260000228881836,9.260000228881836,896700,INO
2016-09-30,9.279999732971191,9.460000038146973,9.149999618530272,9.31999969482422,9.31999969482422,876600,INO
2016-10-03,9.270000457763672,9.529999732971191,9.210000038146973,9.520000457763672,9.520000457763672,611600,INO
2016-10-04,9.619999885559082,9.649999618530272,9.329999923706056,9.399999618530272,9.399999618530272,771000,INO
2016-10-05,9.479999542236328,9.550000190734863,9.350000381469728,9.43000030517578,9.43000030517578,607100,INO
2016-10-06,9.3100004196167,9.489999771118164,9.300000190734863,9.359999656677246,9.359999656677246,691900,INO
2016-10-07,9.369999885559082,9.489999771118164,9.270000457763672,9.34000015258789,9.34000015258789,623100,INO
2016-10-10,9.31999969482422,9.520000457763672,9.31999969482422,9.5,9.5,868300,INO
2016-10-11,9.399999618530272,9.479999542236328,8.989999771118164,9.06999969482422,9.06999969482422,1061000,INO
2016-10-12,9.100000381469728,9.270000457763672,8.8100004196167,8.84000015258789,8.84000015258789,908900,INO
2016-10-13,8.8100004196167,8.9399995803833,8.699999809265137,8.75,8.75,738300,INO
2016-10-14,8.84000015258789,8.90999984741211,8.539999961853027,8.539999961853027,8.539999961853027,874800,INO
2016-10-17,8.520000457763672,8.539999961853027,7.96999979019165,8.149999618530273,8.149999618530273,1310200,INO
2016-10-18,8.199999809265137,8.350000381469727,8.15999984741211,8.270000457763672,8.270000457763672,790900,INO
2016-10-19,8.270000457763672,8.300000190734863,8.130000114440918,8.170000076293945,8.170000076293945,465600,INO
2016-10-20,8.180000305175781,8.399999618530273,8.149999618530273,8.390000343322754,8.390000343322754,557500,INO
2016-10-21,8.319999694824219,8.470000267028809,8.25,8.359999656677246,8.359999656677246,411500,INO
2016-10-24,6.949999809265137,7.380000114440918,6.599999904632568,6.989999771118164,6.989999771118164,3711000,INO
2016-10-25,7.019999980926514,7.150000095367432,6.800000190734863,6.820000171661377,6.820000171661377,1409600,INO
2016-10-26,6.809999942779541,6.960000038146973,6.679999828338623,6.800000190734863,6.800000190734863,1213100,INO
2016-10-27,6.880000114440918,6.880000114440918,6.340000152587891,6.409999847412109,6.409999847412109,1640400,INO
2016-10-28,6.389999866485596,6.53000020980835,6.300000190734863,6.429999828338623,6.429999828338623,879600,INO
2016-10-31,6.429999828338623,6.550000190734863,6.380000114440918,6.46999979019165,6.46999979019165,673400,INO
2016-11-01,6.5,6.650000095367432,6.400000095367432,6.590000152587891,6.590000152587891,882600,INO
2016-11-02,6.5,6.610000133514404,6.46999979019165,6.5,6.5,783100,INO
2016-11-03,6.409999847412109,6.5,5.980000019073486,5.980000019073486,5.980000019073486,2022800,INO
2016-11-04,5.980000019073486,6.349999904632568,5.980000019073486,6.340000152587891,6.340000152587891,1061100,INO
2016-11-07,6.539999961853027,6.599999904632568,6.440000057220459,6.570000171661377,6.570000171661377,1032000,INO
2016-11-08,6.519999980926514,6.710000038146973,6.489999771118164,6.570000171661377,6.570000171661377,967600,INO
2016-11-09,6.400000095367432,7.53000020980835,6.349999904632568,7.429999828338623,7.429999828338623,2456100,INO
2016-11-10,7.53000020980835,7.889999866485596,7.440000057220459,7.800000190734863,7.800000190734863,1563400,INO
2016-11-11,7.78000020980835,7.940000057220459,7.53000020980835,7.820000171661377,7.820000171661377,1313900,INO
2016-11-14,8.15999984741211,8.420000076293945,7.900000095367432,8.329999923706055,8.329999923706055,1508400,INO
2016-11-15,8.350000381469727,8.369999885559082,7.829999923706055,8.050000190734863,8.050000190734863,1018200,INO
2016-11-16,7.889999866485596,8.119999885559082,7.760000228881836,7.769999980926514,7.769999980926514,773700,INO
2016-11-17,7.809999942779541,8.100000381469727,7.75,8.020000457763672,8.020000457763672,665200,INO
2016-11-18,8.010000228881836,8.050000190734863,7.829999923706055,7.980000019073486,7.980000019073486,771800,INO
2016-11-21,7.900000095367432,7.980000019073486,7.789999961853027,7.960000038146973,7.960000038146973,694000,INO
2016-11-22,7.929999828338623,8.010000228881836,7.710000038146973,7.760000228881836,7.760000228881836,812900,INO
2016-11-23,7.5,7.840000152587891,7.300000190734863,7.75,7.75,800200,INO
2016-11-25,7.730000019073486,7.730000019073486,7.53000020980835,7.679999828338623,7.679999828338623,572100,INO
2016-11-28,7.579999923706055,7.639999866485596,7.130000114440918,7.150000095367432,7.150000095367432,1395000,INO
2016-11-29,7.150000095367432,7.349999904632568,7.010000228881836,7.150000095367432,7.150000095367432,1958400,INO
2016-11-30,7.150000095367432,7.409999847412109,7.079999923706055,7.079999923706055,7.079999923706055,1025000,INO
2016-12-01,7.070000171661377,7.300000190734863,6.789999961853027,6.820000171661377,6.820000171661377,1311200,INO
2016-12-02,6.820000171661377,7.090000152587891,6.78000020980835,6.860000133514404,6.860000133514404,918100,INO
2016-12-05,7.019999980926514,7.25,6.889999866485596,7.079999923706055,7.079999923706055,1089300,INO
2016-12-06,7.21999979019165,7.320000171661377,7.010000228881836,7.309999942779541,7.309999942779541,855000,INO
2016-12-07,7.170000076293945,7.25,6.96999979019165,6.96999979019165,6.96999979019165,1101100,INO
2016-12-08,6.949999809265137,7.139999866485596,6.820000171661377,7.130000114440918,7.130000114440918,881200,INO
2016-12-09,7.179999828338623,7.380000114440918,7.099999904632568,7.139999866485596,7.139999866485596,702900,INO
2016-12-12,7.059999942779541,7.110000133514404,6.860000133514404,7.03000020980835,7.03000020980835,715000,INO
2016-12-13,7.079999923706055,7.21999979019165,7.0,7.059999942779541,7.059999942779541,813500,INO
2016-12-14,7.0,7.190000057220459,6.849999904632568,6.940000057220459,6.940000057220459,1110100,INO
2016-12-15,6.949999809265137,6.989999771118164,6.849999904632568,6.940000057220459,6.940000057220459,809700,INO
2016-12-16,6.949999809265137,6.980000019073486,6.860000133514404,6.920000076293945,6.920000076293945,2330900,INO
2016-12-19,6.889999866485596,7.260000228881836,6.889999866485596,6.949999809265137,6.949999809265137,986700,INO
2016-12-20,7.010000228881836,7.170000076293945,6.849999904632568,6.929999828338623,6.929999828338623,986200,INO
2016-12-21,7.179999828338623,7.639999866485596,7.019999980926514,7.03000020980835,7.03000020980835,2729900,INO
2016-12-22,7.070000171661377,7.130000114440918,6.869999885559082,6.909999847412109,6.909999847412109,1072400,INO
2016-12-23,6.900000095367432,7.320000171661377,6.900000095367432,7.309999942779541,7.309999942779541,1064800,INO
2016-12-27,7.400000095367432,7.460000038146973,7.179999828338623,7.190000057220459,7.190000057220459,528700,INO
2016-12-28,7.190000057220459,7.210000038146973,6.989999771118164,7.039999961853027,7.039999961853027,700300,INO
2016-12-29,7.019999980926514,7.110000133514404,6.900000095367432,6.920000076293945,6.920000076293945,704900,INO
2016-12-30,6.920000076293945,7.0,6.820000171661377,6.940000057220459,6.940000057220459,725300,INO
2017-01-03,6.96999979019165,7.119999885559082,6.840000152587891,7.070000171661377,7.070000171661377,815800,INO
2017-01-04,7.03000020980835,7.369999885559082,6.96999979019165,7.329999923706055,7.329999923706055,1187000,INO
2017-01-05,7.329999923706055,7.440000057220459,7.239999771118164,7.380000114440918,7.380000114440918,663700,INO
2017-01-06,7.349999904632568,7.449999809265137,7.269999980926514,7.28000020980835,7.28000020980835,542700,INO
2017-01-09,7.320000171661377,7.369999885559082,7.079999923706055,7.25,7.25,776400,INO
2017-01-10,7.239999771118164,7.260000228881836,7.039999961853027,7.179999828338623,7.179999828338623,565900,INO
2017-01-11,7.179999828338623,7.239999771118164,6.949999809265137,7.050000190734863,7.050000190734863,1053300,INO
2017-01-12,6.980000019073486,7.150000095367432,6.880000114440918,7.03000020980835,7.03000020980835,803300,INO
2017-01-13,7.03000020980835,7.099999904632568,6.940000057220459,6.980000019073486,6.980000019073486,528600,INO
2017-01-17,6.869999885559082,6.900000095367432,6.610000133514404,6.699999809265137,6.699999809265137,1310600,INO
2017-01-18,6.699999809265137,6.769999980926514,6.599999904632568,6.739999771118164,6.739999771118164,555700,INO
2017-01-19,6.730000019073486,6.760000228881836,6.559999942779541,6.579999923706055,6.579999923706055,500100,INO
2017-01-20,6.559999942779541,6.590000152587891,6.269999980926514,6.28000020980835,6.28000020980835,1137200,INO
2017-01-23,6.28000020980835,6.289999961853027,5.900000095367432,5.980000019073486,5.980000019073486,1648000,INO
2017-01-24,6.050000190734863,6.199999809265137,5.849999904632568,6.190000057220459,6.190000057220459,990500,INO
2017-01-25,6.25,6.409999847412109,6.21999979019165,6.349999904632568,6.349999904632568,595300,INO
2017-01-26,6.360000133514404,6.429999828338623,6.190000057220459,6.210000038146973,6.210000038146973,517400,INO
2017-01-27,6.21999979019165,6.389999866485596,6.170000076293945,6.380000114440918,6.380000114440918,342900,INO
2017-01-30,6.329999923706055,6.329999923706055,6.079999923706055,6.150000095367432,6.150000095367432,570000,INO
2017-01-31,6.099999904632568,6.630000114440918,6.019999980926514,6.599999904632568,6.599999904632568,1044300,INO
2017-02-01,6.650000095367432,6.690000057220459,6.449999809265137,6.519999980926514,6.519999980926514,825000,INO
2017-02-02,6.590000152587891,6.710000038146973,6.460000038146973,6.579999923706055,6.579999923706055,599100,INO
2017-02-03,6.650000095367432,6.730000019073486,6.559999942779541,6.710000038146973,6.710000038146973,571600,INO
2017-02-06,6.659999847412109,6.71999979019165,6.429999828338623,6.519999980926514,6.519999980926514,772700,INO
2017-02-07,6.5,6.550000190734863,6.360000133514404,6.380000114440918,6.380000114440918,498300,INO
2017-02-08,6.349999904632568,6.460000038146973,6.210000038146973,6.389999866485596,6.389999866485596,689800,INO
2017-02-09,6.389999866485596,6.519999980926514,6.260000228881836,6.5,6.5,532000,INO
2017-02-10,6.5,6.590000152587891,6.380000114440918,6.389999866485596,6.389999866485596,444300,INO
2017-02-13,6.710000038146973,6.889999866485596,6.460000038146973,6.809999942779541,6.809999942779541,1463500,INO
2017-02-14,6.789999961853027,6.940000057220459,6.690000057220459,6.860000133514404,6.860000133514404,690800,INO
2017-02-15,6.849999904632568,7.019999980926514,6.78000020980835,7.010000228881836,7.010000228881836,595300,INO
2017-02-16,7.050000190734863,7.159999847412109,6.869999885559082,7.0,7.0,850000,INO
2017-02-17,6.96999979019165,7.0,6.78000020980835,6.960000038146973,6.960000038146973,561800,INO
2017-02-21,6.960000038146973,6.989999771118164,6.789999961853027,6.800000190734863,6.800000190734863,638500,INO
2017-02-22,6.769999980926514,6.800000190734863,6.599999904632568,6.599999904632568,6.599999904632568,484700,INO
2017-02-23,6.860000133514404,7.21999979019165,6.809999942779541,6.900000095367432,6.900000095367432,1263700,INO
2017-02-24,6.889999866485596,6.909999847412109,6.550000190734863,6.679999828338623,6.679999828338623,896300,INO
2017-02-27,6.820000171661377,7.179999828338623,6.71999979019165,7.170000076293945,7.170000076293945,1304500,INO
2017-02-28,7.139999866485596,7.170000076293945,6.920000076293945,7.050000190734863,7.050000190734863,836500,INO
2017-03-01,7.150000095367432,7.230000019073486,7.039999961853027,7.070000171661377,7.070000171661377,681400,INO
2017-03-02,7.050000190734863,7.150000095367432,6.849999904632568,6.880000114440918,6.880000114440918,548500,INO
2017-03-03,6.880000114440918,6.980000019073486,6.809999942779541,6.949999809265137,6.949999809265137,478000,INO
2017-03-06,6.880000114440918,6.989999771118164,6.820000171661377,6.840000152587891,6.840000152587891,442400,INO
2017-03-07,6.820000171661377,6.860000133514404,6.610000133514404,6.639999866485596,6.639999866485596,824400,INO
2017-03-08,6.659999847412109,6.820000171661377,6.610000133514404,6.650000095367432,6.650000095367432,918500,INO
2017-03-09,6.630000114440918,6.699999809265137,6.5,6.610000133514404,6.610000133514404,634600,INO
2017-03-10,6.659999847412109,6.730000019073486,6.5,6.679999828338623,6.679999828338623,551500,INO
2017-03-13,6.690000057220459,6.769999980926514,6.610000133514404,6.699999809265137,6.699999809265137,449100,INO
2017-03-14,6.659999847412109,6.730000019073486,6.599999904632568,6.610000133514404,6.610000133514404,537900,INO
2017-03-15,6.610000133514404,6.880000114440918,6.599999904632568,6.869999885559082,6.869999885559082,775800,INO
2017-03-16,6.550000190734863,6.590000152587891,6.050000190734863,6.210000038146973,6.210000038146973,2419800,INO
2017-03-17,6.099999904632568,6.21999979019165,6.039999961853027,6.130000114440918,6.130000114440918,1196400,INO
2017-03-20,6.099999904632568,6.139999866485596,6.0,6.099999904632568,6.099999904632568,806500,INO
2017-03-21,6.099999904632568,6.199999809265137,5.849999904632568,5.860000133514404,5.860000133514404,1427900,INO
2017-03-22,5.900000095367432,6.050000190734863,5.829999923706055,5.920000076293945,5.920000076293945,810500,INO
2017-03-23,5.920000076293945,6.070000171661377,5.869999885559082,5.949999809265137,5.949999809265137,580300,INO
2017-03-24,5.960000038146973,6.070000171661377,5.920000076293945,6.050000190734863,6.050000190734863,631500,INO
2017-03-27,5.949999809265137,6.289999961853027,5.920000076293945,6.260000228881836,6.260000228881836,721100,INO
2017-03-28,6.269999980926514,6.5,6.150000095367432,6.400000095367432,6.400000095367432,1354100,INO
2017-03-29,6.440000057220459,6.610000133514404,6.349999904632568,6.570000171661377,6.570000171661377,902000,INO
2017-03-30,6.570000171661377,6.610000133514404,6.449999809265137,6.539999961853027,6.539999961853027,724500,INO
2017-03-31,6.550000190734863,6.659999847412109,6.420000076293945,6.619999885559082,6.619999885559082,790800,INO
2017-04-03,6.630000114440918,6.71999979019165,6.349999904632568,6.360000133514404,6.360000133514404,822000,INO
2017-04-04,6.360000133514404,6.400000095367432,6.21999979019165,6.25,6.25,574300,INO
2017-04-05,6.210000038146973,6.28000020980835,6.019999980926514,6.039999961853027,6.039999961853027,714200,INO
2017-04-06,6.03000020980835,6.150000095367432,5.980000019073486,6.070000171661377,6.070000171661377,591000,INO
2017-04-07,6.03000020980835,6.260000228881836,5.980000019073486,6.260000228881836,6.260000228881836,650900,INO
2017-04-10,6.25,6.320000171661377,6.130000114440918,6.170000076293945,6.170000076293945,469400,INO
2017-04-11,6.170000076293945,6.25,6.079999923706055,6.150000095367432,6.150000095367432,578900,INO
2017-04-12,6.130000114440918,6.179999828338623,6.010000228881836,6.070000171661377,6.070000171661377,576400,INO
2017-04-13,6.059999942779541,6.150000095367432,5.96999979019165,6.090000152587891,6.090000152587891,496700,INO
2017-04-17,6.099999904632568,6.179999828338623,6.079999923706055,6.139999866485596,6.139999866485596,385500,INO
2017-04-18,6.099999904632568,6.139999866485596,6.0,6.119999885559082,6.119999885559082,485700,INO
2017-04-19,6.150000095367432,6.230000019073486,6.059999942779541,6.099999904632568,6.099999904632568,413700,INO
2017-04-20,6.110000133514404,6.210000038146973,6.079999923706055,6.130000114440918,6.130000114440918,431800,INO
2017-04-21,6.139999866485596,6.320000171661377,6.079999923706055,6.269999980926514,6.269999980926514,613000,INO
2017-04-24,6.329999923706055,6.539999961853027,6.289999961853027,6.53000020980835,6.53000020980835,1156000,INO
2017-04-25,6.579999923706055,6.880000114440918,6.53000020980835,6.789999961853027,6.789999961853027,1351200,INO
2017-04-26,6.800000190734863,6.849999904632568,6.650000095367432,6.670000076293945,6.670000076293945,868700,INO
2017-04-27,6.679999828338623,6.71999979019165,6.409999847412109,6.429999828338623,6.429999828338623,672000,INO
2017-04-28,6.429999828338623,6.449999809265137,6.21999979019165,6.289999961853027,6.289999961853027,603000,INO
2017-05-01,6.349999904632568,6.369999885559082,6.269999980926514,6.369999885559082,6.369999885559082,392500,INO
2017-05-02,6.360000133514404,6.449999809265137,6.21999979019165,6.289999961853027,6.289999961853027,457400,INO
2017-05-03,6.25,6.369999885559082,6.25,6.309999942779541,6.309999942779541,381600,INO
2017-05-04,6.309999942779541,6.579999923706055,6.289999961853027,6.559999942779541,6.559999942779541,555900,INO
2017-05-05,6.559999942779541,6.590000152587891,6.369999885559082,6.46999979019165,6.46999979019165,447100,INO
2017-05-08,6.610000133514404,6.630000114440918,6.28000020980835,6.289999961853027,6.289999961853027,542100,INO
2017-05-09,6.300000190734863,6.380000114440918,6.199999809265137,6.380000114440918,6.380000114440918,562400,INO
2017-05-10,6.300000190734863,6.46999979019165,6.289999961853027,6.389999866485596,6.389999866485596,491600,INO
2017-05-11,6.5,6.789999961853027,6.389999866485596,6.75,6.75,1041500,INO
2017-05-12,6.75,7.449999809265137,6.730000019073486,7.139999866485596,7.139999866485596,2854400,INO
2017-05-15,7.130000114440918,7.420000076293945,7.079999923706055,7.349999904632568,7.349999904632568,1071600,INO
2017-05-16,7.369999885559082,7.409999847412109,7.21999979019165,7.340000152587891,7.340000152587891,710800,INO
2017-05-17,7.199999809265137,7.360000133514404,7.130000114440918,7.21999979019165,7.21999979019165,914000,INO
2017-05-18,7.210000038146973,7.400000095367432,7.159999847412109,7.369999885559082,7.369999885559082,673600,INO
2017-05-19,7.389999866485596,7.519999980926514,7.159999847412109,7.170000076293945,7.170000076293945,720100,INO
2017-05-22,7.199999809265137,7.320000171661377,7.019999980926514,7.090000152587891,7.090000152587891,703500,INO
2017-05-23,7.119999885559082,7.159999847412109,7.03000020980835,7.130000114440918,7.130000114440918,412400,INO
2017-05-24,9.649999618530272,9.859999656677246,8.569999694824219,8.680000305175781,8.680000305175781,28614200,INO
2017-05-25,8.649999618530273,8.729999542236328,7.760000228881836,7.989999771118164,7.989999771118164,5695400,INO
2017-05-26,7.949999809265137,8.210000038146973,7.840000152587891,7.880000114440918,7.880000114440918,1631700,INO
2017-05-30,7.860000133514404,7.880000114440918,7.539999961853027,7.570000171661377,7.570000171661377,1526400,INO
2017-05-31,7.590000152587891,7.820000171661377,7.53000020980835,7.550000190734863,7.550000190734863,1738800,INO
2017-06-01,7.5,7.71999979019165,7.329999923706055,7.639999866485596,7.639999866485596,1534500,INO
2017-06-02,7.679999828338623,7.78000020980835,7.460000038146973,7.739999771118164,7.739999771118164,1307900,INO
2017-06-05,7.760000228881836,7.760000228881836,7.449999809265137,7.46999979019165,7.46999979019165,992900,INO
2017-06-06,7.460000038146973,7.539999961853027,7.400000095367432,7.480000019073486,7.480000019073486,565000,INO
2017-06-07,7.650000095367432,7.699999809265137,7.260000228881836,7.389999866485596,7.389999866485596,1456200,INO
2017-06-08,7.5,8.329999923706055,7.46999979019165,8.1899995803833,8.1899995803833,5070600,INO
2017-06-09,8.600000381469727,8.640000343322754,7.949999809265137,8.100000381469727,8.100000381469727,4695500,INO
2017-06-12,8.170000076293945,8.1899995803833,7.880000114440918,8.180000305175781,8.180000305175781,1335200,INO
2017-06-13,8.199999809265137,8.300000190734863,8.109999656677246,8.199999809265137,8.199999809265137,878200,INO
2017-06-14,8.199999809265137,8.270000457763672,7.949999809265137,8.0,8.0,1055000,INO
2017-06-15,8.020000457763672,8.020000457763672,7.699999809265137,7.760000228881836,7.760000228881836,908300,INO
2017-06-16,7.71999979019165,7.920000076293945,7.71999979019165,7.840000152587891,7.840000152587891,2074100,INO
2017-06-19,7.840000152587891,8.050000190734863,7.800000190734863,7.989999771118164,7.989999771118164,820700,INO
2017-06-20,7.909999847412109,8.149999618530273,7.909999847412109,7.96999979019165,7.96999979019165,758800,INO
2017-06-21,7.989999771118164,8.170000076293945,7.940000057220459,8.0600004196167,8.0600004196167,807500,INO
2017-06-22,8.119999885559082,8.390000343322754,8.010000228881836,8.079999923706055,8.079999923706055,1210900,INO
2017-06-23,8.079999923706055,8.239999771118164,7.989999771118164,8.199999809265137,8.199999809265137,1338600,INO
2017-06-26,8.25,8.430000305175781,8.15999984741211,8.380000114440918,8.380000114440918,1321900,INO
2017-06-27,8.4399995803833,8.4399995803833,8.109999656677246,8.119999885559082,8.119999885559082,1333100,INO
2017-06-28,8.199999809265137,8.40999984741211,8.029999732971191,8.229999542236328,8.229999542236328,735000,INO
2017-06-29,8.170000076293945,8.220000267028809,7.829999923706055,7.920000076293945,7.920000076293945,1062300,INO
2017-06-30,7.949999809265137,8.029999732971191,7.829999923706055,7.840000152587891,7.840000152587891,539300,INO
2017-07-03,7.860000133514404,8.069999694824219,7.860000133514404,8.029999732971191,8.029999732971191,309900,INO
2017-07-05,8.0,8.149999618530273,8.0,8.0600004196167,8.0600004196167,473100,INO
2017-07-06,8.119999885559082,8.210000038146973,7.739999771118164,7.769999980926514,7.769999980926514,1035300,INO
2017-07-07,7.829999923706055,7.940000057220459,7.760000228881836,7.880000114440918,7.880000114440918,461400,INO
2017-07-10,7.840000152587891,7.869999885559082,7.690000057220459,7.71999979019165,7.71999979019165,514600,INO
2017-07-11,7.730000019073486,7.869999885559082,7.71999979019165,7.800000190734863,7.800000190734863,486800,INO
2017-07-12,7.860000133514404,7.920000076293945,7.769999980926514,7.860000133514404,7.860000133514404,426100,INO
2017-07-13,7.849999904632568,8.050000190734863,7.690000057220459,7.960000038146973,7.960000038146973,533600,INO
2017-07-14,7.989999771118164,8.100000381469727,7.909999847412109,7.960000038146973,7.960000038146973,589900,INO
2017-07-17,7.949999809265137,8.020000457763672,7.760000228881836,7.769999980926514,7.769999980926514,593600,INO
2017-07-18,7.760000228881836,7.869999885559082,7.690000057220459,7.829999923706055,7.829999923706055,712700,INO
2017-07-19,7.409999847412109,7.539999961853027,6.769999980926514,6.78000020980835,6.78000020980835,5541100,INO
2017-07-20,6.269999980926514,6.28000020980835,6.0,6.010000228881836,6.010000228881836,15829200,INO
2017-07-21,6.039999961853027,6.130000114440918,5.980000019073486,6.010000228881836,6.010000228881836,4494900,INO
2017-07-24,6.019999980926514,6.03000020980835,5.849999904632568,5.960000038146973,5.960000038146973,2639300,INO
2017-07-25,6.0,6.03000020980835,5.900000095367432,5.96999979019165,5.96999979019165,1567600,INO
2017-07-26,5.960000038146973,6.039999961853027,5.900000095367432,5.940000057220459,5.940000057220459,1749800,INO
2017-07-27,6.0,6.010000228881836,5.5,5.510000228881836,5.510000228881836,3243400,INO
2017-07-28,5.53000020980835,5.739999771118164,5.5,5.519999980926514,5.519999980926514,2198000,INO
2017-07-31,5.539999961853027,5.690000057220459,5.510000228881836,5.559999942779541,5.559999942779541,1096800,INO
2017-08-01,5.559999942779541,5.619999885559082,5.340000152587891,5.559999942779541,5.559999942779541,2865700,INO
2017-08-02,5.570000171661377,5.670000076293945,5.360000133514404,5.389999866485596,5.389999866485596,1075300,INO
2017-08-03,5.369999885559082,5.579999923706055,5.320000171661377,5.480000019073486,5.480000019073486,1343300,INO
2017-08-04,5.53000020980835,5.650000095367432,5.460000038146973,5.630000114440918,5.630000114440918,853400,INO
2017-08-07,5.639999866485596,5.71999979019165,5.630000114440918,5.639999866485596,5.639999866485596,944900,INO
2017-08-08,5.639999866485596,5.699999809265137,5.420000076293945,5.429999828338623,5.429999828338623,1361900,INO
2017-08-09,5.639999866485596,5.800000190734863,5.420000076293945,5.630000114440918,5.630000114440918,1429100,INO
2017-08-10,5.610000133514404,5.650000095367432,5.380000114440918,5.489999771118164,5.489999771118164,1365200,INO
2017-08-11,5.489999771118164,5.650000095367432,5.440000057220459,5.559999942779541,5.559999942779541,1077100,INO
2017-08-14,5.570000171661377,5.71999979019165,5.570000171661377,5.639999866485596,5.639999866485596,799600,INO
2017-08-15,5.639999866485596,5.710000038146973,5.610000133514404,5.639999866485596,5.639999866485596,577800,INO
2017-08-16,5.639999866485596,5.75,5.510000228881836,5.519999980926514,5.519999980926514,1029900,INO
2017-08-17,5.510000228881836,5.619999885559082,5.360000133514404,5.360000133514404,5.360000133514404,851400,INO
2017-08-18,5.300000190734863,5.559999942779541,5.28000020980835,5.449999809265137,5.449999809265137,838500,INO
2017-08-21,5.449999809265137,5.5,5.360000133514404,5.460000038146973,5.460000038146973,619700,INO
2017-08-22,5.46999979019165,5.590000152587891,5.460000038146973,5.559999942779541,5.559999942779541,809000,INO
2017-08-23,5.559999942779541,5.639999866485596,5.5,5.550000190734863,5.550000190734863,737400,INO
2017-08-24,5.639999866485596,5.809999942779541,5.559999942779541,5.789999961853027,5.789999961853027,2061900,INO
2017-08-25,5.789999961853027,5.789999961853027,5.599999904632568,5.610000133514404,5.610000133514404,892700,INO
2017-08-28,5.670000076293945,5.75,5.670000076293945,5.730000019073486,5.730000019073486,578200,INO
2017-08-29,5.690000057220459,5.989999771118164,5.639999866485596,5.949999809265137,5.949999809265137,1375600,INO
2017-08-30,5.949999809265137,6.050000190734863,5.849999904632568,5.860000133514404,5.860000133514404,1204300,INO
2017-08-31,5.900000095367432,5.989999771118164,5.829999923706055,5.940000057220459,5.940000057220459,843900,INO
2017-09-01,5.960000038146973,6.03000020980835,5.829999923706055,5.940000057220459,5.940000057220459,954800,INO
2017-09-05,5.940000057220459,6.0,5.71999979019165,5.809999942779541,5.809999942779541,919900,INO
2017-09-06,6.039999961853027,6.179999828338623,5.889999866485596,5.989999771118164,5.989999771118164,1777100,INO
2017-09-07,5.960000038146973,6.150000095367432,5.860000133514404,6.079999923706055,6.079999923706055,1196600,INO
2017-09-08,6.090000152587891,6.139999866485596,6.010000228881836,6.050000190734863,6.050000190734863,929600,INO
2017-09-11,6.230000019073486,6.650000095367432,6.010000228881836,6.03000020980835,6.03000020980835,2227300,INO
2017-09-12,6.03000020980835,6.130000114440918,5.909999847412109,6.0,6.0,1910700,INO
2017-09-13,5.989999771118164,6.059999942779541,5.889999866485596,5.920000076293945,5.920000076293945,930000,INO
2017-09-14,5.920000076293945,5.96999979019165,5.860000133514404,5.920000076293945,5.920000076293945,943700,INO
2017-09-15,5.920000076293945,5.989999771118164,5.880000114440918,5.96999979019165,5.96999979019165,4351600,INO
2017-09-18,5.96999979019165,6.090000152587891,5.920000076293945,6.0,6.0,1163500,INO
2017-09-19,6.03000020980835,6.070000171661377,5.96999979019165,6.070000171661377,6.070000171661377,737500,INO
2017-09-20,6.050000190734863,6.090000152587891,5.920000076293945,6.050000190734863,6.050000190734863,670900,INO
2017-09-21,6.119999885559082,6.449999809265137,6.079999923706055,6.289999961853027,6.289999961853027,2130900,INO
2017-09-22,6.289999961853027,6.289999961853027,6.070000171661377,6.150000095367432,6.150000095367432,975800,INO
2017-09-25,6.239999771118164,6.340000152587891,6.170000076293945,6.289999961853027,6.289999961853027,1026500,INO
2017-09-26,6.269999980926514,6.320000171661377,6.110000133514404,6.309999942779541,6.309999942779541,763200,INO
2017-09-27,6.309999942779541,6.400000095367432,6.170000076293945,6.369999885559082,6.369999885559082,1132800,INO
2017-09-28,6.389999866485596,6.440000057220459,6.300000190734863,6.309999942779541,6.309999942779541,1011800,INO
2017-09-29,6.340000152587891,6.389999866485596,6.269999980926514,6.340000152587891,6.340000152587891,801500,INO
2017-10-02,6.349999904632568,6.579999923706055,6.329999923706055,6.579999923706055,6.579999923706055,1219200,INO
2017-10-03,6.579999923706055,6.599999904632568,6.389999866485596,6.510000228881836,6.510000228881836,978300,INO
2017-10-04,6.510000228881836,6.510000228881836,6.380000114440918,6.480000019073486,6.480000019073486,760800,INO
2017-10-05,6.929999828338623,7.0,6.460000038146973,6.679999828338623,6.679999828338623,3607900,INO
2017-10-06,6.71999979019165,6.75,6.519999980926514,6.650000095367432,6.650000095367432,966900,INO
2017-10-09,6.579999923706055,6.610000133514404,6.480000019073486,6.510000228881836,6.510000228881836,852700,INO
2017-10-10,6.510000228881836,6.519999980926514,6.380000114440918,6.440000057220459,6.440000057220459,729300,INO
2017-10-11,6.429999828338623,6.449999809265137,6.25,6.289999961853027,6.289999961853027,1212700,INO
2017-10-12,6.309999942779541,6.5,6.28000020980835,6.329999923706055,6.329999923706055,1813400,INO
2017-10-13,6.369999885559082,6.389999866485596,6.170000076293945,6.239999771118164,6.239999771118164,818200,INO
2017-10-16,6.309999942779541,6.360000133514404,6.159999847412109,6.210000038146973,6.210000038146973,895200,INO
2017-10-17,6.179999828338623,6.269999980926514,6.150000095367432,6.239999771118164,6.239999771118164,518200,INO
2017-10-18,6.360000133514404,6.429999828338623,6.25,6.320000171661377,6.320000171661377,1524000,INO
2017-10-19,6.340000152587891,6.360000133514404,6.21999979019165,6.25,6.25,938700,INO
2017-10-20,6.260000228881836,6.349999904632568,6.179999828338623,6.230000019073486,6.230000019073486,868600,INO
2017-10-23,6.190000057220459,6.239999771118164,5.920000076293945,5.920000076293945,5.920000076293945,1628400,INO
2017-10-24,5.980000019073486,6.039999961853027,5.78000020980835,5.789999961853027,5.789999961853027,1675200,INO
2017-10-25,5.789999961853027,5.880000114440918,5.630000114440918,5.679999828338623,5.679999828338623,1148100,INO
2017-10-26,5.659999847412109,5.690000057220459,5.550000190734863,5.619999885559082,5.619999885559082,723900,INO
2017-10-27,5.650000095367432,5.860000133514404,5.630000114440918,5.829999923706055,5.829999923706055,1006300,INO
2017-10-30,5.78000020980835,5.869999885559082,5.71999979019165,5.820000171661377,5.820000171661377,642500,INO
2017-10-31,5.849999904632568,5.920000076293945,5.78000020980835,5.829999923706055,5.829999923706055,698400,INO
2017-11-01,5.849999904632568,5.880000114440918,5.670000076293945,5.699999809265137,5.699999809265137,737100,INO
2017-11-02,5.710000038146973,5.769999980926514,5.639999866485596,5.75,5.75,591500,INO
2017-11-03,5.739999771118164,5.809999942779541,5.679999828338623,5.769999980926514,5.769999980926514,1072200,INO
2017-11-06,5.760000228881836,5.800000190734863,5.659999847412109,5.659999847412109,5.659999847412109,638000,INO
2017-11-07,5.639999866485596,5.659999847412109,5.300000190734863,5.309999942779541,5.309999942779541,1406200,INO
2017-11-08,5.369999885559082,5.409999847412109,5.21999979019165,5.329999923706055,5.329999923706055,1002900,INO
2017-11-09,5.0,5.099999904632568,4.400000095367432,4.429999828338623,4.429999828338623,3801100,INO
2017-11-10,4.53000020980835,4.769999980926514,4.449999809265137,4.739999771118164,4.739999771118164,1969800,INO
2017-11-13,4.769999980926514,4.869999885559082,4.539999961853027,4.550000190734863,4.550000190734863,1198900,INO
2017-11-14,4.550000190734863,4.559999942779541,4.199999809265137,4.309999942779541,4.309999942779541,1678800,INO
2017-11-15,4.28000020980835,4.550000190734863,4.269999980926514,4.480000019073486,4.480000019073486,1133500,INO
2017-11-16,4.539999961853027,4.699999809265137,4.510000228881836,4.639999866485596,4.639999866485596,1045100,INO
2017-11-17,4.619999885559082,4.789999961853027,4.619999885559082,4.71999979019165,4.71999979019165,923400,INO
2017-11-20,4.739999771118164,4.760000228881836,4.5,4.559999942779541,4.559999942779541,1062400,INO
2017-11-21,4.619999885559082,4.739999771118164,4.579999923706055,4.639999866485596,4.639999866485596,1074200,INO
2017-11-22,4.650000095367432,4.710000038146973,4.570000171661377,4.590000152587891,4.590000152587891,788500,INO
2017-11-24,4.579999923706055,4.630000114440918,4.550000190734863,4.590000152587891,4.590000152587891,272100,INO
2017-11-27,4.610000133514404,4.96999979019165,4.5,4.519999980926514,4.519999980926514,2000600,INO
2017-11-28,4.519999980926514,4.659999847412109,4.420000076293945,4.630000114440918,4.630000114440918,1348000,INO
2017-11-29,4.699999809265137,4.800000190734863,4.460000038146973,4.489999771118164,4.489999771118164,1129200,INO
2017-11-30,4.489999771118164,4.610000133514404,4.440000057220459,4.590000152587891,4.590000152587891,970400,INO
2017-12-01,4.599999904632568,4.679999828338623,4.380000114440918,4.579999923706055,4.579999923706055,1055100,INO
2017-12-04,4.610000133514404,4.690000057220459,4.480000019073486,4.489999771118164,4.489999771118164,1045500,INO
2017-12-05,4.480000019073486,4.5,4.329999923706055,4.380000114440918,4.380000114440918,898100,INO
2017-12-06,4.400000095367432,4.429999828338623,4.340000152587891,4.380000114440918,4.380000114440918,717100,INO
2017-12-07,4.380000114440918,4.46999979019165,4.28000020980835,4.380000114440918,4.380000114440918,1184300,INO
2017-12-08,4.420000076293945,4.550000190734863,4.380000114440918,4.5,4.5,1093300,INO
2017-12-11,4.5,4.619999885559082,4.489999771118164,4.5,4.5,855800,INO
2017-12-12,4.5,4.539999961853027,4.21999979019165,4.25,4.25,2036900,INO
2017-12-13,4.25,4.489999771118164,4.25,4.460000038146973,4.460000038146973,1443400,INO
2017-12-14,4.429999828338623,4.480000019073486,4.260000228881836,4.28000020980835,4.28000020980835,1325800,INO
2017-12-15,4.289999961853027,4.409999847412109,4.210000038146973,4.400000095367432,4.400000095367432,1446900,INO
2017-12-18,4.400000095367432,4.429999828338623,4.260000228881836,4.300000190734863,4.300000190734863,947900,INO
2017-12-19,4.25,4.460000038146973,4.21999979019165,4.329999923706055,4.329999923706055,1736100,INO
2017-12-20,4.300000190734863,4.380000114440918,4.260000228881836,4.269999980926514,4.269999980926514,1044700,INO
2017-12-21,4.239999771118164,4.360000133514404,4.239999771118164,4.329999923706055,4.329999923706055,984000,INO
2017-12-22,4.300000190734863,4.360000133514404,4.239999771118164,4.320000171661377,4.320000171661377,1260100,INO
2017-12-26,4.269999980926514,4.360000133514404,4.260000228881836,4.28000020980835,4.28000020980835,697800,INO
2017-12-27,4.309999942779541,4.340000152587891,4.260000228881836,4.260000228881836,4.260000228881836,828500,INO
2017-12-28,4.269999980926514,4.28000020980835,4.090000152587891,4.139999866485596,4.139999866485596,1872600,INO
2017-12-29,4.110000133514404,4.369999885559082,4.099999904632568,4.130000114440918,4.130000114440918,2106200,INO
2018-01-02,4.179999828338623,4.849999904632568,4.179999828338623,4.679999828338623,4.679999828338623,3098600,INO
2018-01-03,4.690000057220459,4.739999771118164,4.420000076293945,4.570000171661377,4.570000171661377,2130700,INO
2018-01-04,4.639999866485596,4.650000095367432,4.46999979019165,4.579999923706055,4.579999923706055,1109900,INO
2018-01-05,4.510000228881836,4.559999942779541,4.389999866485596,4.480000019073486,4.480000019073486,1294300,INO
2018-01-08,4.480000019073486,4.539999961853027,4.289999961853027,4.320000171661377,4.320000171661377,1573200,INO
2018-01-09,4.340000152587891,4.429999828338623,4.28000020980835,4.360000133514404,4.360000133514404,1135700,INO
2018-01-10,4.340000152587891,4.369999885559082,4.230000019073486,4.349999904632568,4.349999904632568,830800,INO
2018-01-11,4.320000171661377,4.480000019073486,4.28000020980835,4.46999979019165,4.46999979019165,1129400,INO
2018-01-12,4.5,4.559999942779541,4.449999809265137,4.480000019073486,4.480000019073486,740900,INO
2018-01-16,4.5,4.539999961853027,4.309999942779541,4.380000114440918,4.380000114440918,1010000,INO
2018-01-17,4.380000114440918,4.440000057220459,4.28000020980835,4.400000095367432,4.400000095367432,985800,INO
2018-01-18,4.420000076293945,4.420000076293945,4.289999961853027,4.329999923706055,4.329999923706055,652300,INO
2018-01-19,4.349999904632568,4.429999828338623,4.269999980926514,4.389999866485596,4.389999866485596,738400,INO
2018-01-22,4.420000076293945,4.690000057220459,4.389999866485596,4.639999866485596,4.639999866485596,2835200,INO
2018-01-23,4.739999771118164,5.880000114440918,4.739999771118164,5.690000057220459,5.690000057220459,7120600,INO
2018-01-24,5.53000020980835,5.53000020980835,4.909999847412109,5.090000152587891,5.090000152587891,3815900,INO
2018-01-25,5.150000095367432,5.440000057220459,5.019999980926514,5.139999866485596,5.139999866485596,2036300,INO
2018-01-26,5.139999866485596,5.260000228881836,4.989999771118164,5.050000190734863,5.050000190734863,1561000,INO
2018-01-29,5.070000171661377,5.119999885559082,4.809999942779541,4.849999904632568,4.849999904632568,2239100,INO
2018-01-30,4.78000020980835,4.809999942779541,4.550000190734863,4.71999979019165,4.71999979019165,1342600,INO
2018-01-31,4.739999771118164,4.820000171661377,4.53000020980835,4.559999942779541,4.559999942779541,1213300,INO
2018-02-01,4.579999923706055,4.599999904632568,4.369999885559082,4.420000076293945,4.420000076293945,1426800,INO
2018-02-02,4.400000095367432,4.420000076293945,4.239999771118164,4.25,4.25,1540100,INO
2018-02-05,4.239999771118164,4.320000171661377,4.099999904632568,4.099999904632568,4.099999904632568,1490300,INO
2018-02-06,4.039999961853027,4.239999771118164,3.930000066757202,4.21999979019165,4.21999979019165,1609700,INO
2018-02-07,4.21999979019165,4.300000190734863,4.170000076293945,4.260000228881836,4.260000228881836,891300,INO
2018-02-08,4.239999771118164,4.340000152587891,4.059999942779541,4.059999942779541,4.059999942779541,1072700,INO
2018-02-09,4.110000133514404,4.110000133514404,3.759999990463257,4.070000171661377,4.070000171661377,1882400,INO
2018-02-12,4.130000114440918,4.210000038146973,4.0,4.050000190734863,4.050000190734863,1328400,INO
2018-02-13,4.050000190734863,4.150000095367432,3.9700000286102295,4.119999885559082,4.119999885559082,891700,INO
2018-02-14,4.110000133514404,4.210000038146973,4.059999942779541,4.179999828338623,4.179999828338623,1118200,INO
2018-02-15,4.190000057220459,4.230000019073486,4.070000171661377,4.110000133514404,4.110000133514404,997800,INO
2018-02-16,4.130000114440918,4.340000152587891,4.119999885559082,4.199999809265137,4.199999809265137,1405100,INO
2018-02-20,4.159999847412109,4.289999961853027,4.150000095367432,4.21999979019165,4.21999979019165,626200,INO
2018-02-21,4.21999979019165,4.300000190734863,4.170000076293945,4.21999979019165,4.21999979019165,680400,INO
2018-02-22,4.260000228881836,4.28000020980835,4.139999866485596,4.179999828338623,4.179999828338623,860700,INO
2018-02-23,4.179999828338623,4.28000020980835,4.110000133514404,4.239999771118164,4.239999771118164,806000,INO
2018-02-26,4.260000228881836,4.309999942779541,4.210000038146973,4.28000020980835,4.28000020980835,426200,INO
2018-02-27,4.289999961853027,4.320000171661377,4.119999885559082,4.130000114440918,4.130000114440918,603500,INO
2018-02-28,4.130000114440918,4.230000019073486,4.090000152587891,4.099999904632568,4.099999904632568,784300,INO
2018-03-01,4.110000133514404,4.239999771118164,3.9800000190734863,4.079999923706055,4.079999923706055,825400,INO
2018-03-02,4.03000020980835,4.21999979019165,4.03000020980835,4.210000038146973,4.210000038146973,1194800,INO
2018-03-05,4.179999828338623,4.309999942779541,4.179999828338623,4.289999961853027,4.289999961853027,580400,INO
2018-03-06,4.309999942779541,4.400000095367432,4.199999809265137,4.389999866485596,4.389999866485596,764100,INO
2018-03-07,4.340000152587891,4.449999809265137,4.28000020980835,4.440000057220459,4.440000057220459,609000,INO
2018-03-08,4.449999809265137,4.489999771118164,4.349999904632568,4.460000038146973,4.460000038146973,869700,INO
2018-03-09,4.5,4.539999961853027,4.400000095367432,4.510000228881836,4.510000228881836,801100,INO
2018-03-12,4.539999961853027,4.71999979019165,4.429999828338623,4.679999828338623,4.679999828338623,1081300,INO
2018-03-13,4.710000038146973,4.829999923706055,4.510000228881836,4.539999961853027,4.539999961853027,879800,INO
2018-03-14,4.650000095367432,4.690000057220459,4.340000152587891,4.46999979019165,4.46999979019165,976500,INO
2018-03-15,4.650000095367432,4.900000095367432,4.289999961853027,4.840000152587891,4.840000152587891,1827300,INO
2018-03-16,4.849999904632568,5.300000190734863,4.829999923706055,5.150000095367432,5.150000095367432,2869200,INO
2018-03-19,5.119999885559082,5.239999771118164,5.010000228881836,5.110000133514404,5.110000133514404,1095700,INO
2018-03-20,5.349999904632568,5.53000020980835,4.929999828338623,5.0,5.0,2201900,INO
2018-03-21,4.980000019073486,5.150000095367432,4.860000133514404,5.099999904632568,5.099999904632568,817600,INO
2018-03-22,5.079999923706055,5.380000114440918,5.039999961853027,5.25,5.25,1473700,INO
2018-03-23,5.239999771118164,5.25,4.760000228881836,4.769999980926514,4.769999980926514,1940700,INO
2018-03-26,4.849999904632568,4.889999866485596,4.630000114440918,4.730000019073486,4.730000019073486,1182600,INO
2018-03-27,4.739999771118164,4.900000095367432,4.690000057220459,4.730000019073486,4.730000019073486,930400,INO
2018-03-28,4.71999979019165,4.789999961853027,4.639999866485596,4.710000038146973,4.710000038146973,756500,INO
2018-03-29,4.730000019073486,4.820000171661377,4.659999847412109,4.710000038146973,4.710000038146973,934000,INO
2018-04-02,4.699999809265137,4.739999771118164,4.380000114440918,4.420000076293945,4.420000076293945,1252900,INO
2018-04-03,4.46999979019165,4.619999885559082,4.389999866485596,4.619999885559082,4.619999885559082,1127300,INO
2018-04-04,4.53000020980835,4.789999961853027,4.5,4.78000020980835,4.78000020980835,850300,INO
2018-04-05,4.78000020980835,4.849999904632568,4.699999809265137,4.800000190734863,4.800000190734863,741400,INO
2018-04-06,4.78000020980835,4.809999942779541,4.590000152587891,4.619999885559082,4.619999885559082,709400,INO
2018-04-09,4.679999828338623,4.75,4.610000133514404,4.670000076293945,4.670000076293945,588100,INO
2018-04-10,4.730000019073486,4.800000190734863,4.659999847412109,4.760000228881836,4.760000228881836,718000,INO
2018-04-11,4.900000095367432,5.079999923706055,4.840000152587891,4.900000095367432,4.900000095367432,1841000,INO
2018-04-12,4.929999828338623,5.269999980926514,4.929999828338623,5.159999847412109,5.159999847412109,1964100,INO
2018-04-13,5.159999847412109,5.199999809265137,5.0,5.059999942779541,5.059999942779541,869100,INO
2018-04-16,5.070000171661377,5.079999923706055,4.900000095367432,4.900000095367432,4.900000095367432,769700,INO
2018-04-17,4.929999828338623,5.070000171661377,4.860000133514404,5.019999980926514,5.019999980926514,720000,INO
2018-04-18,5.050000190734863,5.090000152587891,4.889999866485596,4.900000095367432,4.900000095367432,830200,INO
2018-04-19,4.909999847412109,4.940000057220459,4.630000114440918,4.630000114440918,4.630000114440918,1007000,INO
2018-04-20,4.610000133514404,4.730000019073486,4.579999923706055,4.639999866485596,4.639999866485596,902000,INO
2018-04-23,4.670000076293945,4.769999980926514,4.559999942779541,4.670000076293945,4.670000076293945,754800,INO
2018-04-24,4.659999847412109,4.699999809265137,4.449999809265137,4.559999942779541,4.559999942779541,1007200,INO
2018-04-25,4.559999942779541,4.590000152587891,4.449999809265137,4.460000038146973,4.460000038146973,945600,INO
2018-04-26,4.5,4.630000114440918,4.449999809265137,4.46999979019165,4.46999979019165,920800,INO
2018-04-27,4.480000019073486,4.550000190734863,4.369999885559082,4.440000057220459,4.440000057220459,686600,INO
2018-04-30,4.46999979019165,4.489999771118164,4.380000114440918,4.389999866485596,4.389999866485596,544600,INO
2018-05-01,4.380000114440918,4.449999809265137,4.329999923706055,4.449999809265137,4.449999809265137,565300,INO
2018-05-02,4.429999828338623,4.610000133514404,4.409999847412109,4.5,4.5,685800,INO
2018-05-03,4.5,4.579999923706055,4.429999828338623,4.46999979019165,4.46999979019165,697400,INO
2018-05-04,4.449999809265137,4.610000133514404,4.449999809265137,4.539999961853027,4.539999961853027,582800,INO
2018-05-07,4.579999923706055,4.690000057220459,4.579999923706055,4.610000133514404,4.610000133514404,546200,INO
2018-05-08,4.619999885559082,4.699999809265137,4.579999923706055,4.679999828338623,4.679999828338623,460200,INO
2018-05-09,4.650000095367432,4.880000114440918,4.650000095367432,4.829999923706055,4.829999923706055,985600,INO
2018-05-10,4.510000228881836,4.579999923706055,4.320000171661377,4.389999866485596,4.389999866485596,1327900,INO
2018-05-11,4.400000095367432,4.579999923706055,4.389999866485596,4.559999942779541,4.559999942779541,736200,INO
2018-05-14,4.559999942779541,4.75,4.550000190734863,4.730000019073486,4.730000019073486,1015700,INO
2018-05-15,5.0,5.170000076293945,4.820000171661377,5.0,5.0,3829400,INO
2018-05-16,5.0,5.150000095367432,4.980000019073486,5.099999904632568,5.099999904632568,1614800,INO
2018-05-17,5.130000114440918,5.230000019073486,4.960000038146973,5.039999961853027,5.039999961853027,1398200,INO
2018-05-18,5.099999904632568,5.119999885559082,4.909999847412109,4.989999771118164,4.989999771118164,963100,INO
2018-05-21,5.039999961853027,5.050000190734863,4.769999980926514,4.809999942779541,4.809999942779541,834600,INO
2018-05-22,4.809999942779541,4.940000057220459,4.800000190734863,4.840000152587891,4.840000152587891,729500,INO
2018-05-23,4.809999942779541,4.889999866485596,4.809999942779541,4.860000133514404,4.860000133514404,501500,INO
2018-05-24,4.840000152587891,4.889999866485596,4.789999961853027,4.840000152587891,4.840000152587891,527300,INO
2018-05-25,4.820000171661377,4.900000095367432,4.78000020980835,4.900000095367432,4.900000095367432,699800,INO
2018-05-29,4.690000057220459,4.860000133514404,4.550000190734863,4.590000152587891,4.590000152587891,1361600,INO
2018-05-30,4.599999904632568,4.699999809265137,4.539999961853027,4.679999828338623,4.679999828338623,668000,INO
2018-05-31,4.690000057220459,4.78000020980835,4.599999904632568,4.760000228881836,4.760000228881836,887500,INO
2018-06-01,4.78000020980835,4.78000020980835,4.619999885559082,4.650000095367432,4.650000095367432,860200,INO
2018-06-04,4.639999866485596,4.670000076293945,4.510000228881836,4.619999885559082,4.619999885559082,712700,INO
2018-06-05,4.619999885559082,4.690000057220459,4.550000190734863,4.559999942779541,4.559999942779541,947700,INO
2018-06-06,4.559999942779541,4.650000095367432,4.519999980926514,4.550000190734863,4.550000190734863,619400,INO
2018-06-07,4.570000171661377,4.590000152587891,4.460000038146973,4.460000038146973,4.460000038146973,651700,INO
2018-06-08,4.489999771118164,4.53000020980835,4.429999828338623,4.440000057220459,4.440000057220459,576000,INO
2018-06-11,4.440000057220459,4.519999980926514,4.429999828338623,4.480000019073486,4.480000019073486,557800,INO
2018-06-12,4.480000019073486,4.53000020980835,4.420000076293945,4.5,4.5,588800,INO
2018-06-13,4.5,4.579999923706055,4.440000057220459,4.5,4.5,531200,INO
2018-06-14,4.510000228881836,4.570000171661377,4.420000076293945,4.550000190734863,4.550000190734863,916700,INO
2018-06-15,4.510000228881836,4.550000190734863,4.440000057220459,4.489999771118164,4.489999771118164,2332800,INO
2018-06-18,4.480000019073486,4.539999961853027,4.360000133514404,4.429999828338623,4.429999828338623,670700,INO
2018-06-19,4.389999866485596,4.449999809265137,4.260000228881836,4.260000228881836,4.260000228881836,1013900,INO
2018-06-20,4.460000038146973,4.460000038146973,4.269999980926514,4.349999904632568,4.349999904632568,926200,INO
2018-06-21,4.349999904632568,4.389999866485596,4.150000095367432,4.190000057220459,4.190000057220459,1026500,INO
2018-06-22,4.21999979019165,4.349999904632568,4.150000095367432,4.239999771118164,4.239999771118164,1886400,INO
2018-06-25,4.289999961853027,4.289999961853027,4.070000171661377,4.090000152587891,4.090000152587891,998200,INO
2018-06-26,4.110000133514404,4.179999828338623,4.019999980926514,4.070000171661377,4.070000171661377,634100,INO
2018-06-27,4.119999885559082,4.21999979019165,3.890000104904175,3.890000104904175,3.890000104904175,1252900,INO
2018-06-28,3.910000085830689,4.03000020980835,3.640000104904175,3.880000114440918,3.880000114440918,1253600,INO
2018-06-29,4.039999961853027,4.079999923706055,3.839999914169312,3.920000076293945,3.920000076293945,1219300,INO
2018-07-02,3.900000095367432,4.130000114440918,3.7899999618530273,4.130000114440918,4.130000114440918,950900,INO
2018-07-03,4.150000095367432,4.199999809265137,4.050000190734863,4.199999809265137,4.199999809265137,554100,INO
2018-07-05,4.190000057220459,4.230000019073486,4.090000152587891,4.139999866485596,4.139999866485596,536100,INO
2018-07-06,4.159999847412109,4.409999847412109,4.110000133514404,4.409999847412109,4.409999847412109,866200,INO
2018-07-09,4.440000057220459,4.519999980926514,4.369999885559082,4.460000038146973,4.460000038146973,793300,INO
2018-07-10,4.460000038146973,4.480000019073486,4.389999866485596,4.440000057220459,4.440000057220459,533500,INO
2018-07-11,4.429999828338623,4.519999980926514,4.349999904632568,4.46999979019165,4.46999979019165,637400,INO
2018-07-12,4.460000038146973,4.519999980926514,4.400000095367432,4.46999979019165,4.46999979019165,633600,INO
2018-07-13,4.449999809265137,4.489999771118164,4.269999980926514,4.269999980926514,4.269999980926514,623500,INO
2018-07-16,4.25,4.289999961853027,4.070000171661377,4.130000114440918,4.130000114440918,664400,INO
2018-07-17,4.130000114440918,4.289999961853027,4.130000114440918,4.289999961853027,4.289999961853027,446100,INO
2018-07-18,4.340000152587891,4.380000114440918,4.210000038146973,4.289999961853027,4.289999961853027,340300,INO
2018-07-19,4.260000228881836,4.340000152587891,4.170000076293945,4.320000171661377,4.320000171661377,490400,INO
2018-07-20,4.320000171661377,4.360000133514404,4.239999771118164,4.320000171661377,4.320000171661377,371200,INO
2018-07-23,4.309999942779541,4.320000171661377,4.179999828338623,4.309999942779541,4.309999942779541,341400,INO
2018-07-24,4.340000152587891,4.349999904632568,4.199999809265137,4.25,4.25,382700,INO
2018-07-25,4.21999979019165,4.300000190734863,4.170000076293945,4.25,4.25,533500,INO
2018-07-26,4.239999771118164,4.239999771118164,4.099999904632568,4.130000114440918,4.130000114440918,588200,INO
2018-07-27,4.119999885559082,4.119999885559082,3.890000104904175,3.9800000190734863,3.9800000190734863,1161500,INO
2018-07-30,3.9800000190734863,4.099999904632568,3.930000066757202,4.059999942779541,4.059999942779541,816300,INO
2018-07-31,4.090000152587891,4.119999885559082,3.9700000286102295,4.010000228881836,4.010000228881836,564100,INO
2018-08-01,4.0,4.070000171661377,3.940000057220459,3.950000047683716,3.950000047683716,559000,INO
2018-08-02,3.950000047683716,4.010000228881836,3.869999885559082,3.9700000286102295,3.9700000286102295,523700,INO
2018-08-03,3.990000009536743,4.039999961853027,3.910000085830689,3.940000057220459,3.940000057220459,517400,INO
2018-08-06,3.9600000381469727,3.9800000190734863,3.849999904632568,3.920000076293945,3.920000076293945,707300,INO
2018-08-07,3.9800000190734863,4.110000133514404,3.940000057220459,4.019999980926514,4.019999980926514,698200,INO
2018-08-08,4.25,4.570000171661377,4.199999809265137,4.480000019073486,4.480000019073486,2198500,INO
2018-08-09,4.460000038146973,4.579999923706055,4.349999904632568,4.360000133514404,4.360000133514404,1113400,INO
2018-08-10,4.349999904632568,4.480000019073486,4.300000190734863,4.460000038146973,4.460000038146973,416800,INO
2018-08-13,4.46999979019165,4.5,4.389999866485596,4.420000076293945,4.420000076293945,631500,INO
2018-08-14,4.440000057220459,4.539999961853027,4.429999828338623,4.489999771118164,4.489999771118164,382800,INO
2018-08-15,4.489999771118164,4.599999904632568,4.380000114440918,4.429999828338623,4.429999828338623,509700,INO
2018-08-16,4.53000020980835,4.570000171661377,4.360000133514404,4.5,4.5,737100,INO
2018-08-17,4.46999979019165,4.5,4.400000095367432,4.429999828338623,4.429999828338623,576100,INO
2018-08-20,4.409999847412109,4.420000076293945,4.300000190734863,4.389999866485596,4.389999866485596,524700,INO
2018-08-21,4.369999885559082,4.539999961853027,4.340000152587891,4.539999961853027,4.539999961853027,604300,INO
2018-08-22,4.510000228881836,4.860000133514404,4.440000057220459,4.829999923706055,4.829999923706055,1599300,INO
2018-08-23,4.809999942779541,5.079999923706055,4.800000190734863,4.96999979019165,4.96999979019165,1607800,INO
2018-08-24,4.96999979019165,5.090000152587891,4.909999847412109,5.059999942779541,5.059999942779541,822500,INO
2018-08-27,5.059999942779541,5.190000057220459,5.0,5.039999961853027,5.039999961853027,992000,INO
2018-08-28,5.03000020980835,5.090000152587891,4.820000171661377,4.829999923706055,4.829999923706055,863200,INO
2018-08-29,4.840000152587891,5.03000020980835,4.820000171661377,5.0,5.0,854900,INO
2018-08-30,4.980000019073486,5.130000114440918,4.960000038146973,5.059999942779541,5.059999942779541,1427600,INO
2018-08-31,5.059999942779541,5.329999923706055,5.039999961853027,5.260000228881836,5.260000228881836,1641200,INO
2018-09-04,5.349999904632568,5.46999979019165,5.25,5.429999828338623,5.429999828338623,926400,INO
2018-09-05,5.429999828338623,5.650000095367432,5.28000020980835,5.539999961853027,5.539999961853027,1212000,INO
2018-09-06,5.579999923706055,5.599999904632568,5.21999979019165,5.309999942779541,5.309999942779541,1132000,INO
2018-09-07,5.28000020980835,5.5,5.179999828338623,5.380000114440918,5.380000114440918,959100,INO
2018-09-10,5.389999866485596,5.550000190734863,5.21999979019165,5.449999809265137,5.449999809265137,1353000,INO
2018-09-11,5.429999828338623,5.53000020980835,5.340000152587891,5.440000057220459,5.440000057220459,860300,INO
2018-09-12,5.409999847412109,5.440000057220459,5.28000020980835,5.389999866485596,5.389999866485596,772800,INO
2018-09-13,5.400000095367432,5.489999771118164,5.230000019073486,5.260000228881836,5.260000228881836,766800,INO
2018-09-14,5.260000228881836,5.260000228881836,5.010000228881836,5.050000190734863,5.050000190734863,878000,INO
2018-09-17,5.099999904632568,5.099999904632568,4.75,4.820000171661377,4.820000171661377,1374000,INO
2018-09-18,4.78000020980835,4.909999847412109,4.75,4.869999885559082,4.869999885559082,623000,INO
2018-09-19,4.889999866485596,4.960000038146973,4.800000190734863,4.820000171661377,4.820000171661377,625700,INO
2018-09-20,4.860000133514404,4.909999847412109,4.800000190734863,4.900000095367432,4.900000095367432,444700,INO
2018-09-21,4.900000095367432,4.949999809265137,4.690000057220459,4.730000019073486,4.730000019073486,2159500,INO
2018-09-24,4.710000038146973,4.860000133514404,4.679999828338623,4.840000152587891,4.840000152587891,585600,INO
2018-09-25,4.840000152587891,5.099999904632568,4.820000171661377,5.050000190734863,5.050000190734863,568200,INO
2018-09-26,5.130000114440918,5.340000152587891,5.090000152587891,5.25,5.25,1051400,INO
2018-09-27,5.28000020980835,5.599999904632568,5.25,5.579999923706055,5.579999923706055,1392900,INO
2018-09-28,5.550000190734863,5.699999809265137,5.440000057220459,5.559999942779541,5.559999942779541,1142000,INO
2018-10-01,5.599999904632568,5.659999847412109,5.329999923706055,5.349999904632568,5.349999904632568,783800,INO
2018-10-02,5.619999885559082,6.300000190734863,5.619999885559082,6.110000133514404,6.110000133514404,4914400,INO
2018-10-03,6.159999847412109,6.21999979019165,5.880000114440918,6.070000171661377,6.070000171661377,1921100,INO
2018-10-04,6.010000228881836,6.010000228881836,5.659999847412109,5.679999828338623,5.679999828338623,1416700,INO
2018-10-05,5.679999828338623,5.769999980926514,5.300000190734863,5.5,5.5,1547000,INO
2018-10-08,5.579999923706055,5.599999904632568,5.329999923706055,5.369999885559082,5.369999885559082,867000,INO
2018-10-09,5.349999904632568,5.46999979019165,5.269999980926514,5.269999980926514,5.269999980926514,716900,INO
2018-10-10,5.25,5.340000152587891,5.079999923706055,5.090000152587891,5.090000152587891,857800,INO
2018-10-11,5.090000152587891,5.420000076293945,5.03000020980835,5.210000038146973,5.210000038146973,1150500,INO
2018-10-12,5.28000020980835,5.340000152587891,5.119999885559082,5.289999961853027,5.289999961853027,764200,INO
2018-10-15,5.630000114440918,5.639999866485596,5.239999771118164,5.340000152587891,5.340000152587891,1298800,INO
2018-10-16,5.360000133514404,5.610000133514404,5.320000171661377,5.579999923706055,5.579999923706055,1179500,INO
2018-10-17,5.590000152587891,5.639999866485596,5.400000095367432,5.539999961853027,5.539999961853027,982500,INO
2018-10-18,5.519999980926514,5.630000114440918,5.449999809265137,5.519999980926514,5.519999980926514,819800,INO
2018-10-19,5.539999961853027,5.679999828338623,5.409999847412109,5.440000057220459,5.440000057220459,739200,INO
2018-10-22,5.480000019073486,5.639999866485596,5.230000019073486,5.260000228881836,5.260000228881836,875300,INO
2018-10-23,5.190000057220459,5.289999961853027,4.96999979019165,5.21999979019165,5.21999979019165,1025700,INO
2018-10-24,5.239999771118164,5.239999771118164,4.789999961853027,4.789999961853027,4.789999961853027,1296400,INO
2018-10-25,4.820000171661377,5.079999923706055,4.820000171661377,5.010000228881836,5.010000228881836,911200,INO
2018-10-26,4.929999828338623,5.139999866485596,4.849999904632568,5.039999961853027,5.039999961853027,745100,INO
2018-10-29,5.059999942779541,5.130000114440918,4.829999923706055,4.929999828338623,4.929999828338623,743700,INO
2018-10-30,4.920000076293945,5.119999885559082,4.860000133514404,4.96999979019165,4.96999979019165,647400,INO
2018-10-31,5.019999980926514,5.059999942779541,4.920000076293945,4.929999828338623,4.929999828338623,728500,INO
2018-11-01,4.960000038146973,5.130000114440918,4.960000038146973,5.059999942779541,5.059999942779541,819000,INO
2018-11-02,5.079999923706055,5.28000020980835,5.079999923706055,5.150000095367432,5.150000095367432,897400,INO
2018-11-05,5.159999847412109,5.230000019073486,4.989999771118164,5.139999866485596,5.139999866485596,942600,INO
2018-11-06,5.110000133514404,5.150000095367432,5.0,5.03000020980835,5.03000020980835,613100,INO
2018-11-07,5.079999923706055,5.239999771118164,5.050000190734863,5.230000019073486,5.230000019073486,871300,INO
2018-11-08,5.239999771118164,5.329999923706055,5.119999885559082,5.190000057220459,5.190000057220459,817600,INO
2018-11-09,5.0,5.5,4.860000133514404,5.289999961853027,5.289999961853027,1938700,INO
2018-11-12,5.360000133514404,5.360000133514404,4.889999866485596,4.920000076293945,4.920000076293945,1113800,INO
2018-11-13,4.940000057220459,5.0,4.789999961853027,4.840000152587891,4.840000152587891,592500,INO
2018-11-14,4.940000057220459,5.03000020980835,4.760000228881836,4.909999847412109,4.909999847412109,788700,INO
2018-11-15,4.889999866485596,5.03000020980835,4.800000190734863,5.03000020980835,5.03000020980835,714100,INO
2018-11-16,4.980000019073486,5.150000095367432,4.96999979019165,5.119999885559082,5.119999885559082,658600,INO
2018-11-19,5.079999923706055,5.150000095367432,4.929999828338623,5.010000228881836,5.010000228881836,650600,INO
2018-11-20,4.900000095367432,5.110000133514404,4.869999885559082,5.03000020980835,5.03000020980835,996600,INO
2018-11-21,5.099999904632568,5.170000076293945,5.03000020980835,5.130000114440918,5.130000114440918,781300,INO
2018-11-23,5.070000171661377,5.260000228881836,5.070000171661377,5.170000076293945,5.170000076293945,506800,INO
2018-11-26,5.260000228881836,5.440000057220459,5.260000228881836,5.300000190734863,5.300000190734863,921200,INO
2018-11-27,5.28000020980835,5.369999885559082,5.159999847412109,5.260000228881836,5.260000228881836,622300,INO
2018-11-28,5.289999961853027,5.429999828338623,5.230000019073486,5.429999828338623,5.429999828338623,1013700,INO
2018-11-29,5.400000095367432,5.460000038146973,5.28000020980835,5.349999904632568,5.349999904632568,566100,INO
2018-11-30,5.320000171661377,5.360000133514404,5.269999980926514,5.349999904632568,5.349999904632568,722100,INO
2018-12-03,5.460000038146973,5.46999979019165,5.300000190734863,5.409999847412109,5.409999847412109,868400,INO
2018-12-04,5.400000095367432,5.460000038146973,5.199999809265137,5.21999979019165,5.21999979019165,775000,INO
2018-12-06,5.21999979019165,5.429999828338623,5.119999885559082,5.260000228881836,5.260000228881836,956100,INO
2018-12-07,5.260000228881836,5.340000152587891,5.150000095367432,5.159999847412109,5.159999847412109,655900,INO
2018-12-10,5.170000076293945,5.21999979019165,5.019999980926514,5.190000057220459,5.190000057220459,876300,INO
2018-12-11,5.25,5.329999923706055,5.090000152587891,5.190000057220459,5.190000057220459,520000,INO
2018-12-12,5.210000038146973,5.380000114440918,5.210000038146973,5.309999942779541,5.309999942779541,701000,INO
2018-12-13,5.309999942779541,5.320000171661377,5.079999923706055,5.099999904632568,5.099999904632568,862500,INO
2018-12-14,5.059999942779541,5.099999904632568,4.840000152587891,4.860000133514404,4.860000133514404,1145600,INO
2018-12-17,4.860000133514404,5.010000228881836,4.71999979019165,4.71999979019165,4.71999979019165,897900,INO
2018-12-18,4.769999980926514,4.809999942779541,4.46999979019165,4.519999980926514,4.519999980926514,846500,INO
2018-12-19,4.5,4.760000228881836,4.400000095367432,4.449999809265137,4.449999809265137,895400,INO
2018-12-20,4.480000019073486,4.53000020980835,4.199999809265137,4.25,4.25,1151700,INO
2018-12-21,4.269999980926514,4.269999980926514,3.809999942779541,3.890000104904175,3.890000104904175,2431700,INO
2018-12-24,3.849999904632568,4.099999904632568,3.829999923706055,3.920000076293945,3.920000076293945,754000,INO
2018-12-26,3.940000057220459,4.070000171661377,3.75,4.070000171661377,4.070000171661377,1439600,INO
2018-12-27,4.039999961853027,4.170000076293945,3.799999952316284,3.9600000381469727,3.9600000381469727,1180000,INO
2018-12-28,3.930000066757202,4.090000152587891,3.869999885559082,4.0,4.0,636700,INO
2018-12-31,4.010000228881836,4.099999904632568,3.930000066757202,4.0,4.0,948200,INO
2019-01-02,3.930000066757202,4.230000019073486,3.910000085830689,4.21999979019165,4.21999979019165,711200,INO
2019-01-03,4.210000038146973,4.329999923706055,4.190000057220459,4.28000020980835,4.28000020980835,873300,INO
2019-01-04,4.349999904632568,4.650000095367432,4.289999961853027,4.599999904632568,4.599999904632568,1005800,INO
2019-01-07,4.690000057220459,4.960000038146973,4.650000095367432,4.929999828338623,4.929999828338623,1249900,INO
2019-01-08,4.96999979019165,5.03000020980835,4.659999847412109,4.75,4.75,900800,INO
2019-01-09,4.75,4.789999961853027,4.679999828338623,4.739999771118164,4.739999771118164,569000,INO
2019-01-10,4.710000038146973,4.769999980926514,4.659999847412109,4.760000228881836,4.760000228881836,528700,INO
2019-01-11,4.739999771118164,4.869999885559082,4.610000133514404,4.840000152587891,4.840000152587891,453000,INO
2019-01-14,4.820000171661377,4.849999904632568,4.5,4.510000228881836,4.510000228881836,782000,INO
2019-01-15,4.550000190734863,4.739999771118164,4.510000228881836,4.730000019073486,4.730000019073486,587700,INO
2019-01-16,4.75,4.940000057220459,4.71999979019165,4.909999847412109,4.909999847412109,863300,INO
2019-01-17,4.889999866485596,5.099999904632568,4.880000114440918,5.079999923706055,5.079999923706055,768300,INO
2019-01-18,4.96999979019165,5.099999904632568,4.929999828338623,5.090000152587891,5.090000152587891,576200,INO
2019-01-22,5.070000171661377,5.079999923706055,4.900000095367432,5.0,5.0,793200,INO
2019-01-23,5.0,5.03000020980835,4.75,4.78000020980835,4.78000020980835,648600,INO
2019-01-24,5.019999980926514,5.099999904632568,4.909999847412109,5.010000228881836,5.010000228881836,1307900,INO
2019-01-25,5.03000020980835,5.110000133514404,4.989999771118164,5.099999904632568,5.099999904632568,856400,INO
2019-01-28,5.050000190734863,5.099999904632568,4.800000190734863,4.809999942779541,4.809999942779541,818300,INO
2019-01-29,4.809999942779541,4.829999923706055,4.639999866485596,4.710000038146973,4.710000038146973,691300,INO
2019-01-30,4.71999979019165,5.050000190734863,4.679999828338623,5.039999961853027,5.039999961853027,1068900,INO
2019-01-31,5.039999961853027,5.090000152587891,4.960000038146973,5.010000228881836,5.010000228881836,651600,INO
2019-02-01,5.010000228881836,5.039999961853027,4.869999885559082,4.960000038146973,4.960000038146973,457100,INO
2019-02-04,4.980000019073486,4.980000019073486,4.809999942779541,4.849999904632568,4.849999904632568,544600,INO
2019-02-05,4.849999904632568,4.960000038146973,4.650000095367432,4.690000057220459,4.690000057220459,1048700,INO
2019-02-06,4.699999809265137,4.75,4.619999885559082,4.679999828338623,4.679999828338623,484700,INO
2019-02-07,4.659999847412109,4.789999961853027,4.570000171661377,4.679999828338623,4.679999828338623,711300,INO
2019-02-08,4.670000076293945,4.75,4.559999942779541,4.610000133514404,4.610000133514404,597300,INO
2019-02-11,4.639999866485596,4.679999828338623,4.510000228881836,4.630000114440918,4.630000114440918,436500,INO
2019-02-12,4.650000095367432,4.75,4.619999885559082,4.690000057220459,4.690000057220459,645100,INO
2019-02-13,4.710000038146973,4.730000019073486,4.639999866485596,4.679999828338623,4.679999828338623,495500,INO
2019-02-14,3.75,3.819999933242798,3.680000066757202,3.690000057220459,3.690000057220459,9355100,INO
2019-02-15,3.799999952316284,3.950000047683716,3.680000066757202,3.700000047683716,3.700000047683716,3604500,INO
2019-02-19,3.740000009536743,3.75,3.630000114440918,3.690000057220459,3.690000057220459,3250400,INO
2019-02-20,3.700000047683716,3.7799999713897705,3.630000114440918,3.75,3.75,1624100,INO
2019-02-21,3.7699999809265137,3.920000076293945,3.700000047683716,3.7100000381469727,3.7100000381469727,1831500,INO
2019-02-22,3.7100000381469727,3.740000009536743,3.660000085830689,3.7300000190734863,3.7300000190734863,1268500,INO
2019-02-25,3.740000009536743,3.819999933242798,3.700000047683716,3.7799999713897705,3.7799999713897705,1483100,INO
2019-02-26,3.7699999809265137,3.809999942779541,3.7300000190734863,3.740000009536743,3.740000009536743,2525400,INO
2019-02-27,3.7200000286102295,3.7699999809265137,3.670000076293945,3.7300000190734863,3.7300000190734863,1399300,INO
2019-02-28,3.7200000286102295,3.740000009536743,3.650000095367432,3.660000085830689,3.660000085830689,1430100,INO
2019-03-01,3.690000057220459,3.799999952316284,3.660000085830689,3.7899999618530273,3.7899999618530273,2807100,INO
2019-03-04,3.799999952316284,3.809999942779541,3.5899999141693115,3.670000076293945,3.670000076293945,1839000,INO
2019-03-05,3.680000066757202,3.700000047683716,3.5999999046325684,3.609999895095825,3.609999895095825,1174100,INO
2019-03-06,3.619999885559082,3.640000104904175,3.359999895095825,3.4200000762939453,3.4200000762939453,2333500,INO
2019-03-07,3.4200000762939453,3.549999952316284,3.309999942779541,3.549999952316284,3.549999952316284,1193500,INO
2019-03-08,3.5,3.539999961853028,3.3299999237060547,3.3399999141693115,3.3399999141693115,1475100,INO
2019-03-11,3.359999895095825,3.5299999713897705,3.309999942779541,3.5199999809265137,3.5199999809265137,1217700,INO
2019-03-12,3.549999952316284,3.559999942779541,3.3499999046325684,3.559999942779541,3.559999942779541,832900,INO
2019-03-13,3.3499999046325684,3.670000076293945,3.0199999809265137,3.650000095367432,3.650000095367432,2585400,INO
2019-03-14,3.5999999046325684,3.640000104904175,3.5899999141693115,3.619999885559082,3.619999885559082,733200,INO
2019-03-15,3.619999885559082,3.619999885559082,3.490000009536743,3.5199999809265137,3.5199999809265137,2770200,INO
2019-03-18,3.549999952316284,3.5999999046325684,3.440000057220459,3.5199999809265137,3.5199999809265137,774000,INO
2019-03-19,3.5199999809265137,3.619999885559082,3.4800000190734863,3.5999999046325684,3.5999999046325684,821300,INO
2019-03-20,3.5999999046325684,3.680000066757202,3.569999933242798,3.5999999046325684,3.5999999046325684,881900,INO
2019-03-21,3.839999914169312,3.910000085830689,3.539999961853028,3.7200000286102295,3.7200000286102295,2454100,INO
2019-03-22,3.700000047683716,3.7100000381469727,3.5199999809265137,3.619999885559082,3.619999885559082,1904100,INO
2019-03-25,3.609999895095825,3.690000057220459,3.509999990463257,3.619999885559082,3.619999885559082,1329600,INO
2019-03-26,3.799999952316284,3.799999952316284,3.670000076293945,3.7300000190734863,3.7300000190734863,1544700,INO
2019-03-27,3.740000009536743,3.740000009536743,3.609999895095825,3.619999885559082,3.619999885559082,871000,INO
2019-03-28,3.609999895095825,3.660000085830689,3.559999942779541,3.640000104904175,3.640000104904175,875200,INO
2019-03-29,3.670000076293945,3.740000009536743,3.609999895095825,3.7300000190734863,3.7300000190734863,1016800,INO
2019-04-01,3.7799999713897705,3.829999923706055,3.660000085830689,3.690000057220459,3.690000057220459,1235400,INO
2019-04-02,3.690000057220459,3.7699999809265137,3.660000085830689,3.700000047683716,3.700000047683716,1585200,INO
2019-04-03,3.7200000286102295,3.869999885559082,3.7100000381469727,3.859999895095825,3.859999895095825,1349800,INO
2019-04-04,3.859999895095825,3.910000085830689,3.7899999618530273,3.890000104904175,3.890000104904175,841600,INO
2019-04-05,3.930000066757202,4.050000190734863,3.890000104904175,3.9600000381469727,3.9600000381469727,1418900,INO
2019-04-08,4.039999961853027,4.050000190734863,3.880000114440918,4.03000020980835,4.03000020980835,1452100,INO
2019-04-09,4.03000020980835,4.059999942779541,3.930000066757202,3.930000066757202,3.930000066757202,898900,INO
2019-04-10,3.950000047683716,4.050000190734863,3.930000066757202,4.039999961853027,4.039999961853027,759200,INO
2019-04-11,4.050000190734863,4.110000133514404,3.9700000286102295,4.079999923706055,4.079999923706055,946000,INO
2019-04-12,4.090000152587891,4.139999866485596,3.990000009536743,4.099999904632568,4.099999904632568,1092900,INO
2019-04-15,4.099999904632568,4.130000114440918,3.910000085830689,3.990000009536743,3.990000009536743,922700,INO
2019-04-16,4.010000228881836,4.019999980926514,3.910000085830689,3.930000066757202,3.930000066757202,731000,INO
2019-04-17,3.9700000286102295,4.0,3.7100000381469727,3.7200000286102295,3.7200000286102295,1431900,INO
2019-04-18,3.75,3.7899999618530273,3.609999895095825,3.7300000190734863,3.7300000190734863,1282800,INO
2019-04-22,3.7100000381469727,3.829999923706055,3.700000047683716,3.799999952316284,3.799999952316284,1139400,INO
2019-04-23,3.799999952316284,3.890000104904175,3.7799999713897705,3.859999895095825,3.859999895095825,1011600,INO
2019-04-24,3.880000114440918,3.880000114440918,3.75,3.799999952316284,3.799999952316284,1007400,INO
2019-04-25,3.809999942779541,3.900000095367432,3.7799999713897705,3.839999914169312,3.839999914169312,633500,INO
2019-04-26,3.809999942779541,3.940000057220459,3.7799999713897705,3.920000076293945,3.920000076293945,613400,INO
2019-04-29,3.880000114440918,3.940000057220459,3.809999942779541,3.819999933242798,3.819999933242798,579200,INO
2019-04-30,3.799999952316284,3.849999904632568,3.700000047683716,3.759999990463257,3.759999990463257,768700,INO
2019-05-01,3.759999990463257,3.799999952316284,3.660000085830689,3.680000066757202,3.680000066757202,597000,INO
2019-05-02,3.700000047683716,3.740000009536743,3.559999942779541,3.740000009536743,3.740000009536743,833500,INO
2019-05-03,3.740000009536743,3.890000104904175,3.7300000190734863,3.890000104904175,3.890000104904175,773800,INO
2019-05-06,3.799999952316284,3.9800000190734863,3.7200000286102295,3.950000047683716,3.950000047683716,717200,INO
2019-05-07,3.910000085830689,3.950000047683716,3.700000047683716,3.7100000381469727,3.7100000381469727,668400,INO
2019-05-08,3.740000009536743,3.900000095367432,3.7300000190734863,3.900000095367432,3.900000095367432,785700,INO
2019-05-09,3.849999904632568,3.940000057220459,3.740000009536743,3.869999885559082,3.869999885559082,731200,INO
2019-05-10,3.660000085830689,3.7799999713897705,3.640000104904175,3.7300000190734863,3.7300000190734863,1171200,INO
2019-05-13,3.650000095367432,3.690000057220459,3.5199999809265137,3.569999933242798,3.569999933242798,1536200,INO
2019-05-14,3.5999999046325684,3.619999885559082,3.5,3.539999961853028,3.539999961853028,1047500,INO
2019-05-15,3.509999990463257,3.539999961853028,3.4200000762939453,3.490000009536743,3.490000009536743,810500,INO
2019-05-16,3.5,3.539999961853028,3.400000095367432,3.4200000762939453,3.4200000762939453,776500,INO
2019-05-17,3.400000095367432,3.440000057220459,3.2699999809265137,3.3399999141693115,3.3399999141693115,1071700,INO
2019-05-20,3.299999952316284,3.359999895095825,3.25,3.309999942779541,3.309999942779541,651500,INO
2019-05-21,3.319999933242798,3.450000047683716,3.319999933242798,3.450000047683716,3.450000047683716,763200,INO
2019-05-22,3.450000047683716,3.490000009536743,3.3299999237060547,3.3499999046325684,3.3499999046325684,581100,INO
2019-05-23,3.319999933242798,3.380000114440918,3.2100000381469727,3.25,3.25,760100,INO
2019-05-24,3.220000028610229,3.309999942779541,3.180000066757202,3.259999990463257,3.259999990463257,687700,INO
2019-05-28,3.259999990463257,3.2699999809265137,3.130000114440918,3.140000104904175,3.140000104904175,683700,INO
2019-05-29,2.859999895095825,3.0999999046325684,2.75,3.059999942779541,3.059999942779541,1538300,INO
2019-05-30,3.039999961853028,3.049999952316284,2.799999952316284,2.809999942779541,2.809999942779541,1125700,INO
2019-05-31,2.759999990463257,2.789999961853028,2.359999895095825,2.390000104904175,2.390000104904175,3451000,INO
2019-06-03,2.400000095367432,2.4200000762939453,2.150000095367432,2.369999885559082,2.369999885559082,3382500,INO
2019-06-04,2.450000047683716,2.6700000762939453,2.3399999141693115,2.5,2.5,2377700,INO
2019-06-05,2.509999990463257,2.5299999713897705,2.3499999046325684,2.369999885559082,2.369999885559082,969900,INO
2019-06-06,2.430000066757202,2.490000009536743,2.2799999713897705,2.289999961853028,2.289999961853028,968900,INO
2019-06-07,2.289999961853028,2.450000047683716,2.259999990463257,2.450000047683716,2.450000047683716,924700,INO
2019-06-10,2.4600000381469727,2.559999942779541,2.4600000381469727,2.490000009536743,2.490000009536743,777200,INO
2019-06-11,2.5,2.539999961853028,2.3499999046325684,2.430000066757202,2.430000066757202,675200,INO
2019-06-12,2.4200000762939453,2.5199999809265137,2.400000095367432,2.490000009536743,2.490000009536743,589100,INO
2019-06-13,2.490000009536743,2.5299999713897705,2.400000095367432,2.5299999713897705,2.5299999713897705,531600,INO
2019-06-14,2.5299999713897705,2.5299999713897705,2.400000095367432,2.4100000858306885,2.4100000858306885,558500,INO
2019-06-17,2.450000047683716,2.5799999237060547,2.380000114440918,2.5799999237060547,2.5799999237060547,1066400,INO
2019-06-18,2.5899999141693115,2.700000047683716,2.5799999237060547,2.640000104904175,2.640000104904175,644900,INO
2019-06-19,2.6600000858306885,2.6700000762939453,2.5899999141693115,2.619999885559082,2.619999885559082,334200,INO
2019-06-20,2.650000095367432,2.7100000381469727,2.5899999141693115,2.6600000858306885,2.6600000858306885,720500,INO
2019-06-21,2.6600000858306885,2.680000066757202,2.319999933242798,2.619999885559082,2.619999885559082,4637000,INO
2019-06-24,2.6600000858306885,2.6600000858306885,2.4100000858306885,2.4200000762939453,2.4200000762939453,813800,INO
2019-06-25,2.4200000762939453,2.630000114440918,2.369999885559082,2.5199999809265137,2.5199999809265137,1307700,INO
2019-06-26,2.640000104904175,3.039999961853028,2.619999885559082,3.0199999809265137,3.0199999809265137,4280600,INO
2019-06-27,3.0,3.0899999141693115,2.869999885559082,2.9200000762939453,2.9200000762939453,2344400,INO
2019-06-28,2.9200000762939453,3.0199999809265137,2.859999895095825,2.940000057220459,2.940000057220459,1867800,INO
2019-07-01,2.990000009536743,3.0199999809265137,2.940000057220459,3.0,3.0,806800,INO
2019-07-02,3.0199999809265137,3.059999942779541,2.940000057220459,2.990000009536743,2.990000009536743,633900,INO
2019-07-03,3.009999990463257,3.039999961853028,2.950000047683716,3.009999990463257,3.009999990463257,355900,INO
2019-07-05,3.0,3.039999961853028,2.950000047683716,3.0199999809265137,3.0199999809265137,554100,INO
2019-07-08,3.0199999809265137,3.069999933242798,2.930000066757202,2.9800000190734863,2.9800000190734863,654300,INO
2019-07-09,2.970000028610229,3.049999952316284,2.950000047683716,3.0,3.0,456200,INO
2019-07-10,3.009999990463257,3.039999961853028,2.9600000381469727,3.009999990463257,3.009999990463257,487200,INO
2019-07-11,3.0,3.0299999713897705,2.9100000858306885,2.930000066757202,2.930000066757202,544600,INO
2019-07-12,2.950000047683716,3.0199999809265137,2.880000114440918,2.990000009536743,2.990000009536743,505000,INO
2019-07-15,3.0,3.0199999809265137,2.9200000762939453,2.9600000381469727,2.9600000381469727,247100,INO
2019-07-16,2.9600000381469727,3.0199999809265137,2.9200000762939453,3.0,3.0,443000,INO
2019-07-17,2.759999990463257,2.809999942779541,2.5,2.7100000381469727,2.7100000381469727,2732900,INO
2019-07-18,2.7100000381469727,2.890000104904175,2.700000047683716,2.880000114440918,2.880000114440918,747600,INO
2019-07-19,2.859999895095825,2.950000047683716,2.789999961853028,2.789999961853028,2.789999961853028,744000,INO
2019-07-22,2.799999952316284,2.859999895095825,2.7699999809265137,2.819999933242798,2.819999933242798,443400,INO
2019-07-23,2.819999933242798,2.869999885559082,2.5999999046325684,2.690000057220459,2.690000057220459,659700,INO
2019-07-24,2.680000066757202,2.7799999713897705,2.630000114440918,2.759999990463257,2.759999990463257,402700,INO
2019-07-25,2.740000009536743,2.7699999809265137,2.630000114440918,2.680000066757202,2.680000066757202,510600,INO
2019-07-26,2.7100000381469727,2.819999933242798,2.7100000381469727,2.7799999713897705,2.7799999713897705,486900,INO
2019-07-29,2.7699999809265137,2.809999942779541,2.75,2.789999961853028,2.789999961853028,331900,INO
2019-07-30,2.759999990463257,2.859999895095825,2.7300000190734863,2.8399999141693115,2.8399999141693115,360300,INO
2019-07-31,2.859999895095825,2.9200000762939453,2.75,2.759999990463257,2.759999990463257,493900,INO
2019-08-01,2.75,2.869999885559082,2.680000066757202,2.740000009536743,2.740000009536743,601900,INO
2019-08-02,2.7699999809265137,2.799999952316284,2.5999999046325684,2.6600000858306885,2.6600000858306885,569100,INO
2019-08-05,2.5999999046325684,2.740000009536743,2.569999933242798,2.720000028610229,2.720000028610229,917800,INO
2019-08-06,2.7300000190734863,2.75,2.440000057220459,2.559999942779541,2.559999942779541,689800,INO
2019-08-07,2.4800000190734863,2.549999952316284,2.4800000190734863,2.5299999713897705,2.5299999713897705,352600,INO
2019-08-08,2.539999961853028,2.6600000858306885,2.5,2.539999961853028,2.539999961853028,695800,INO
2019-08-09,2.4200000762939453,2.5999999046325684,2.4200000762939453,2.490000009536743,2.490000009536743,766800,INO
2019-08-12,2.450000047683716,2.4600000381469727,2.3399999141693115,2.369999885559082,2.369999885559082,512900,INO
2019-08-13,2.3499999046325684,2.450000047683716,2.319999933242798,2.369999885559082,2.369999885559082,532600,INO
2019-08-14,2.319999933242798,2.359999895095825,2.25,2.2799999713897705,2.2799999713897705,674600,INO
2019-08-15,2.2799999713897705,2.3499999046325684,2.150000095367432,2.190000057220459,2.190000057220459,883600,INO
2019-08-16,2.220000028610229,2.400000095367432,2.2100000381469727,2.369999885559082,2.369999885559082,506400,INO
2019-08-19,2.380000114440918,2.4600000381469727,2.3299999237060547,2.430000066757202,2.430000066757202,574600,INO
2019-08-20,2.4200000762939453,2.450000047683716,2.380000114440918,2.400000095367432,2.400000095367432,204400,INO
2019-08-21,2.4200000762939453,2.4200000762939453,2.299999952316284,2.359999895095825,2.359999895095825,432000,INO
2019-08-22,2.359999895095825,2.369999885559082,2.2300000190734863,2.299999952316284,2.299999952316284,493000,INO
2019-08-23,2.2699999809265137,2.359999895095825,2.150000095367432,2.180000066757202,2.180000066757202,611200,INO
2019-08-26,2.200000047683716,2.25,2.119999885559082,2.190000057220459,2.190000057220459,385800,INO
2019-08-27,2.190000057220459,2.2100000381469727,2.049999952316284,2.140000104904175,2.140000104904175,898800,INO
2019-08-28,2.109999895095825,2.289999961853028,2.0899999141693115,2.200000047683716,2.200000047683716,487600,INO
2019-08-29,2.2300000190734863,2.289999961853028,2.180000066757202,2.2100000381469727,2.2100000381469727,313500,INO
2019-08-30,2.220000028610229,2.25,2.0999999046325684,2.1600000858306885,2.1600000858306885,593300,INO
2019-09-03,2.119999885559082,2.200000047683716,2.049999952316284,2.069999933242798,2.069999933242798,484600,INO
2019-09-04,2.0899999141693115,2.130000114440918,2.0299999713897705,2.069999933242798,2.069999933242798,461500,INO
2019-09-05,2.130000114440918,2.190000057220459,2.0799999237060547,2.150000095367432,2.150000095367432,537300,INO
2019-09-06,2.150000095367432,2.150000095367432,2.109999895095825,2.130000114440918,2.130000114440918,531600,INO
2019-09-09,2.140000104904175,2.2100000381469727,2.130000114440918,2.190000057220459,2.190000057220459,463700,INO
2019-09-10,2.2100000381469727,2.440000057220459,2.190000057220459,2.4100000858306885,2.4100000858306885,883000,INO
2019-09-11,2.440000057220459,2.630000114440918,2.400000095367432,2.619999885559082,2.619999885559082,1262900,INO
2019-09-12,2.609999895095825,2.630000114440918,2.470000028610229,2.609999895095825,2.609999895095825,588400,INO
2019-09-13,2.5999999046325684,2.6700000762939453,2.549999952316284,2.5899999141693115,2.5899999141693115,286100,INO
2019-09-16,2.559999942779541,2.700000047683716,2.5299999713897705,2.690000057220459,2.690000057220459,456000,INO
2019-09-17,2.700000047683716,2.7300000190734863,2.430000066757202,2.509999990463257,2.509999990463257,521000,INO
2019-09-18,2.5,2.539999961853028,2.4100000858306885,2.509999990463257,2.509999990463257,377900,INO
2019-09-19,2.5,2.539999961853028,2.430000066757202,2.430000066757202,2.430000066757202,258500,INO
2019-09-20,2.4200000762939453,2.5199999809265137,2.4200000762939453,2.4800000190734863,2.4800000190734863,607400,INO
2019-09-23,2.4600000381469727,2.490000009536743,2.309999942779541,2.3299999237060547,2.3299999237060547,409500,INO
2019-09-24,2.299999952316284,2.369999885559082,2.190000057220459,2.190000057220459,2.190000057220459,569800,INO
2019-09-25,2.240000009536743,2.259999990463257,2.150000095367432,2.150000095367432,2.150000095367432,380100,INO
2019-09-26,2.140000104904175,2.1600000858306885,2.049999952316284,2.0899999141693115,2.0899999141693115,804600,INO
2019-09-27,2.0799999237060547,2.119999885559082,2.039999961853028,2.109999895095825,2.109999895095825,769500,INO
2019-09-30,2.119999885559082,2.130000114440918,2.039999961853028,2.049999952316284,2.049999952316284,516400,INO
2019-10-01,2.069999933242798,2.130000114440918,1.9600000381469729,1.9700000286102293,1.9700000286102293,923600,INO
2019-10-02,1.9800000190734863,2.0999999046325684,1.919999957084656,2.049999952316284,2.049999952316284,585200,INO
2019-10-03,2.059999942779541,2.0899999141693115,2.0,2.0799999237060547,2.0799999237060547,296100,INO
2019-10-04,2.049999952316284,2.130000114440918,2.009999990463257,2.0999999046325684,2.0999999046325684,415200,INO
2019-10-07,2.069999933242798,2.150000095367432,2.049999952316284,2.0999999046325684,2.0999999046325684,297800,INO
2019-10-08,2.059999942779541,2.0999999046325684,2.0199999809265137,2.039999961853028,2.039999961853028,322300,INO
2019-10-09,2.039999961853028,2.069999933242798,2.009999990463257,2.059999942779541,2.059999942779541,282800,INO
2019-10-10,2.0799999237060547,2.180000066757202,2.059999942779541,2.1600000858306885,2.1600000858306885,423000,INO
2019-10-11,2.180000066757202,2.2799999713897705,2.180000066757202,2.180000066757202,2.180000066757202,803300,INO
2019-10-14,2.180000066757202,2.2100000381469727,2.109999895095825,2.130000114440918,2.130000114440918,286500,INO
2019-10-15,2.119999885559082,2.25,2.119999885559082,2.240000009536743,2.240000009536743,530800,INO
2019-10-16,2.240000009536743,2.549999952316284,2.2300000190734863,2.509999990463257,2.509999990463257,998400,INO
2019-10-17,2.509999990463257,2.5199999809265137,2.259999990463257,2.359999895095825,2.359999895095825,849000,INO
2019-10-18,2.3399999141693115,2.400000095367432,2.2300000190734863,2.25,2.25,522800,INO
2019-10-21,2.2699999809265137,2.359999895095825,2.240000009536743,2.319999933242798,2.319999933242798,422300,INO
2019-10-22,2.3399999141693115,2.4100000858306885,2.25,2.2699999809265137,2.2699999809265137,501900,INO
2019-10-23,2.2699999809265137,2.3399999141693115,2.2300000190734863,2.319999933242798,2.319999933242798,355300,INO
2019-10-24,2.3399999141693115,2.369999885559082,2.2699999809265137,2.299999952316284,2.299999952316284,274400,INO
2019-10-25,2.3499999046325684,2.400000095367432,2.299999952316284,2.369999885559082,2.369999885559082,516100,INO
2019-10-28,2.369999885559082,2.4100000858306885,2.240000009536743,2.319999933242798,2.319999933242798,628800,INO
2019-10-29,2.3299999237060547,2.390000104904175,2.190000057220459,2.200000047683716,2.200000047683716,591500,INO
2019-10-30,2.200000047683716,2.2100000381469727,2.130000114440918,2.190000057220459,2.190000057220459,443900,INO
2019-10-31,2.190000057220459,2.190000057220459,2.0899999141693115,2.130000114440918,2.130000114440918,726700,INO
2019-11-01,2.130000114440918,2.289999961853028,2.119999885559082,2.2799999713897705,2.2799999713897705,764700,INO
2019-11-04,2.289999961853028,2.450000047683716,2.2799999713897705,2.380000114440918,2.380000114440918,729900,INO
2019-11-05,2.819999933242798,2.8499999046325684,2.450000047683716,2.5299999713897705,2.5299999713897705,3500500,INO
2019-11-06,2.549999952316284,2.549999952316284,2.450000047683716,2.509999990463257,2.509999990463257,935600,INO
2019-11-07,2.509999990463257,2.640000104904175,2.450000047683716,2.5799999237060547,2.5799999237060547,990400,INO
2019-11-08,2.539999961853028,2.609999895095825,2.4600000381469727,2.5199999809265137,2.5199999809265137,700600,INO
2019-11-11,2.4800000190734863,2.5,2.4100000858306885,2.450000047683716,2.450000047683716,808700,INO
2019-11-12,2.4200000762939453,2.539999961853028,2.359999895095825,2.440000057220459,2.440000057220459,599200,INO
2019-11-13,2.390000104904175,2.390000104904175,2.200000047683716,2.309999942779541,2.309999942779541,1203100,INO
2019-11-14,2.299999952316284,2.319999933242798,2.190000057220459,2.200000047683716,2.200000047683716,703400,INO
2019-11-15,2.25,2.390000104904175,2.200000047683716,2.3499999046325684,2.3499999046325684,785600,INO
2019-11-18,2.369999885559082,2.380000114440918,2.25,2.2799999713897705,2.2799999713897705,448900,INO
2019-11-19,2.2699999809265137,2.5299999713897705,2.2699999809265137,2.369999885559082,2.369999885559082,737600,INO
2019-11-20,2.369999885559082,2.5,2.369999885559082,2.450000047683716,2.450000047683716,874600,INO
2019-11-21,2.4800000190734863,2.5199999809265137,2.400000095367432,2.5,2.5,961000,INO
2019-11-22,2.5,2.5299999713897705,2.450000047683716,2.5,2.5,495600,INO
2019-11-25,2.509999990463257,2.650000095367432,2.509999990463257,2.609999895095825,2.609999895095825,1065900,INO
2019-11-26,2.609999895095825,2.700000047683716,2.509999990463257,2.5199999809265137,2.5199999809265137,1800100,INO
2019-11-27,2.5199999809265137,2.630000114440918,2.5199999809265137,2.5899999141693115,2.5899999141693115,830000,INO
2019-11-29,2.5,2.619999885559082,2.490000009536743,2.5199999809265137,2.5199999809265137,607900,INO
2019-12-02,2.5199999809265137,2.569999933242798,2.4100000858306885,2.509999990463257,2.509999990463257,782200,INO
2019-12-03,2.430000066757202,2.5799999237060547,2.430000066757202,2.549999952316284,2.549999952316284,577700,INO
2019-12-04,2.5899999141693115,2.619999885559082,2.450000047683716,2.470000028610229,2.470000028610229,800400,INO
2019-12-05,2.4600000381469727,2.490000009536743,2.309999942779541,2.3299999237060547,2.3299999237060547,984200,INO
2019-12-06,2.309999942779541,2.4100000858306885,2.2799999713897705,2.380000114440918,2.380000114440918,1057500,INO
2019-12-09,2.359999895095825,2.539999961853028,2.3499999046325684,2.4600000381469727,2.4600000381469727,691300,INO
2019-12-10,2.440000057220459,2.5799999237060547,2.4200000762939453,2.569999933242798,2.569999933242798,856600,INO
2019-12-11,2.569999933242798,2.650000095367432,2.549999952316284,2.640000104904175,2.640000104904175,578500,INO
2019-12-12,2.609999895095825,2.740000009536743,2.609999895095825,2.7100000381469727,2.7100000381469727,662700,INO
2019-12-13,2.7100000381469727,2.75,2.650000095367432,2.720000028610229,2.720000028610229,561800,INO
2019-12-16,2.740000009536743,2.799999952316284,2.619999885559082,2.630000114440918,2.630000114440918,818300,INO
2019-12-17,2.6600000858306885,2.6600000858306885,2.559999942779541,2.630000114440918,2.630000114440918,548900,INO
2019-12-18,2.630000114440918,2.700000047683716,2.569999933242798,2.630000114440918,2.630000114440918,635200,INO
2019-12-19,2.8499999046325684,3.470000028610229,2.809999942779541,3.440000057220459,3.440000057220459,6519500,INO
2019-12-20,3.539999961853028,3.5799999237060547,3.119999885559082,3.299999952316284,3.299999952316284,2641100,INO
2019-12-23,3.299999952316284,3.7699999809265137,3.220000028610229,3.7200000286102295,3.7200000286102295,2087800,INO
2019-12-24,3.7799999713897705,3.829999923706055,3.5799999237060547,3.690000057220459,3.690000057220459,949900,INO
2019-12-26,3.569999933242798,3.660000085830689,3.490000009536743,3.549999952316284,3.549999952316284,1037300,INO
2019-12-27,3.5299999713897705,3.569999933242798,3.309999942779541,3.3399999141693115,3.3399999141693115,1481000,INO
2019-12-30,3.369999885559082,3.539999961853028,3.359999895095825,3.400000095367432,3.400000095367432,1018500,INO
2019-12-31,3.380000114440918,3.440000057220459,3.289999961853028,3.299999952316284,3.299999952316284,835700,INO
2020-01-02,3.390000104904175,3.390000104904175,3.059999942779541,3.2100000381469727,3.2100000381469727,971100,INO
2020-01-03,3.0999999046325684,3.25,2.950000047683716,2.9800000190734863,2.9800000190734863,1205000,INO
2020-01-06,3.0199999809265137,3.1600000858306885,2.950000047683716,3.140000104904175,3.140000104904175,1098200,INO
2020-01-07,3.1600000858306885,3.190000057220459,3.039999961853028,3.150000095367432,3.150000095367432,1123500,INO
2020-01-08,3.190000057220459,3.200000047683716,3.069999933242798,3.140000104904175,3.140000104904175,631500,INO
2020-01-09,3.150000095367432,3.190000057220459,3.039999961853028,3.0999999046325684,3.0999999046325684,1026900,INO
2020-01-10,3.180000066757202,3.180000066757202,3.039999961853028,3.109999895095825,3.109999895095825,715800,INO
2020-01-13,3.140000104904175,3.450000047683716,3.069999933242798,3.309999942779541,3.309999942779541,1881700,INO
2020-01-14,3.3399999141693115,3.440000057220459,3.289999961853028,3.289999961853028,3.289999961853028,1418900,INO
2020-01-15,3.299999952316284,3.430000066757202,3.2300000190734863,3.3499999046325684,3.3499999046325684,987000,INO
2020-01-16,3.400000095367432,3.430000066757202,3.319999933242798,3.400000095367432,3.400000095367432,733800,INO
2020-01-17,3.440000057220459,3.440000057220459,3.2300000190734863,3.289999961853028,3.289999961853028,738500,INO
2020-01-21,3.5199999809265137,3.75,3.390000104904175,3.559999942779541,3.559999942779541,6385600,INO
2020-01-22,3.549999952316284,3.559999942779541,3.3299999237060547,3.440000057220459,3.440000057220459,2001600,INO
2020-01-23,3.890000104904175,4.099999904632568,3.609999895095825,3.839999914169312,3.839999914169312,12313600,INO
2020-01-24,4.489999771118164,4.699999809265137,4.119999885559082,4.239999771118164,4.239999771118164,24626700,INO
2020-01-27,5.599999904632568,5.949999809265137,5.099999904632568,5.320000171661377,5.320000171661377,40859100,INO
2020-01-28,5.670000076293945,5.679999828338623,4.28000020980835,4.360000133514404,4.360000133514404,23851800,INO
2020-01-29,4.489999771118164,4.550000190734863,3.920000076293945,4.110000133514404,4.110000133514404,10834300,INO
2020-01-30,4.860000133514404,4.880000114440918,4.5,4.659999847412109,4.659999847412109,20998900,INO
2020-01-31,4.800000190734863,4.809999942779541,4.300000190734863,4.53000020980835,4.53000020980835,13975600,INO
2020-02-03,4.360000133514404,4.46999979019165,3.7100000381469727,3.910000085830689,3.910000085830689,11367800,INO
2020-02-04,3.740000009536743,3.900000095367432,3.3299999237060547,3.7100000381469727,3.7100000381469727,9551300,INO
2020-02-05,3.5,3.7100000381469727,3.400000095367432,3.559999942779541,3.559999942779541,4183600,INO
2020-02-06,3.549999952316284,3.559999942779541,3.25,3.369999885559082,3.369999885559082,6243500,INO
2020-02-07,3.359999895095825,3.390000104904175,3.140000104904175,3.190000057220459,3.190000057220459,4360800,INO
2020-02-10,3.3299999237060547,3.920000076293945,3.25,3.4800000190734863,3.4800000190734863,15857100,INO
2020-02-11,3.4200000762939453,3.450000047683716,3.259999990463257,3.390000104904175,3.390000104904175,4488600,INO
2020-02-12,3.400000095367432,3.4800000190734863,3.289999961853028,3.3399999141693115,3.3399999141693115,3797300,INO
2020-02-13,3.7200000286102295,4.050000190734863,3.5999999046325684,3.859999895095825,3.859999895095825,29261400,INO
2020-02-14,4.389999866485596,4.5,4.070000171661377,4.150000095367432,4.150000095367432,37226100,INO
2020-02-18,4.449999809265137,4.550000190734863,4.159999847412109,4.21999979019165,4.21999979019165,15211000,INO
2020-02-19,4.210000038146973,4.289999961853027,3.609999895095825,3.809999942779541,3.809999942779541,14385400,INO
2020-02-20,3.759999990463257,3.7899999618530273,3.569999933242798,3.640000104904175,3.640000104904175,6073200,INO
2020-02-21,3.7300000190734863,3.880000114440918,3.569999933242798,3.75,3.75,7859100,INO
2020-02-24,4.099999904632568,4.199999809265137,3.829999923706055,3.9600000381469727,3.9600000381469727,15286400,INO
2020-02-25,4.019999980926514,4.070000171661377,3.5999999046325684,3.740000009536743,3.740000009536743,9679000,INO
2020-02-26,3.799999952316284,4.039999961853027,3.7300000190734863,3.990000009536743,3.990000009536743,14289700,INO
2020-02-27,4.440000057220459,5.0,4.099999904632568,4.360000133514404,4.360000133514404,35244300,INO
2020-02-28,4.789999961853027,4.889999866485596,3.930000066757202,4.28000020980835,4.28000020980835,25725700,INO
2020-03-02,4.400000095367432,4.5,3.829999923706055,4.389999866485596,4.389999866485596,16180000,INO
2020-03-03,5.119999885559082,7.480000019073486,4.840000152587891,7.449999809265137,7.449999809265137,121306800,INO
2020-03-04,8.4399995803833,9.399999618530272,7.340000152587891,8.029999732971191,8.029999732971191,142160200,INO
2020-03-05,8.029999732971191,10.100000381469728,7.519999980926514,9.800000190734863,9.800000190734863,112845000,INO
2020-03-06,10.8100004196167,16.0,10.68000030517578,14.09000015258789,14.09000015258789,195142300,INO
2020-03-09,18.89999961853028,19.36000061035156,8.529999732971191,9.829999923706056,9.829999923706056,138364400,INO
2020-03-10,9.399999618530272,10.880000114440918,5.5,5.699999809265137,5.699999809265137,75074500,INO
2020-03-11,6.849999904632568,8.600000381469727,6.340000152587891,8.369999885559082,8.369999885559082,98432900,INO
2020-03-12,10.949999809265137,11.93000030517578,8.520000457763672,9.5,9.5,98065300,INO
2020-03-13,7.989999771118164,8.630000114440918,6.599999904632568,7.199999809265137,7.199999809265137,43970700,INO
2020-03-16,6.059999942779541,6.46999979019165,5.130000114440918,6.130000114440918,6.130000114440918,30066800,INO
2020-03-17,6.820000171661377,7.849999904632568,6.5,7.340000152587891,7.340000152587891,32484900,INO
2020-03-18,6.920000076293945,7.619999885559082,6.599999904632568,7.440000057220459,7.440000057220459,18324400,INO
2020-03-19,7.389999866485596,7.429999828338623,6.099999904632568,6.489999771118164,6.489999771118164,18310000,INO
2020-03-20,7.050000190734863,7.679999828338623,6.5,7.21999979019165,7.21999979019165,24446900,INO
2020-03-23,7.389999866485596,7.440000057220459,6.53000020980835,6.619999885559082,6.619999885559082,15497100,INO
2020-03-24,7.309999942779541,7.400000095367432,6.710000038146973,7.090000152587891,7.090000152587891,19009900,INO
2020-03-25,6.929999828338623,6.949999809265137,6.570000171661377,6.679999828338623,6.679999828338623,11349000,INO
2020-03-26,6.71999979019165,7.389999866485596,6.630000114440918,7.150000095367432,7.150000095367432,17695900,INO
2020-03-27,7.269999980926514,8.420000076293945,7.210000038146973,8.319999694824219,8.319999694824219,36204200,INO
2020-03-30,9.199999809265137,9.31999969482422,7.599999904632568,8.020000457763672,8.020000457763672,31303900,INO
2020-03-31,7.940000057220459,8.050000190734863,7.25,7.440000057220459,7.440000057220459,13557300,INO
2020-04-01,7.320000171661377,8.09000015258789,7.090000152587891,7.699999809265137,7.699999809265137,15973400,INO
2020-04-02,7.630000114440918,7.650000095367432,7.099999904632568,7.519999980926514,7.519999980926514,10865400,INO
2020-04-03,7.309999942779541,7.940000057220459,7.239999771118164,7.739999771118164,7.739999771118164,11052900,INO
2020-04-06,8.479999542236328,8.680000305175781,7.820000171661377,8.4399995803833,8.4399995803833,31317700,INO
2020-04-07,8.75,9.199999809265137,7.929999828338623,8.270000457763672,8.270000457763672,25542100,INO
2020-04-08,8.289999961853027,8.529999732971191,8.130000114440918,8.319999694824219,8.319999694824219,13996900,INO
2020-04-09,8.399999618530273,8.5,8.010000228881836,8.119999885559082,8.119999885559082,11598700,INO
2020-04-13,8.079999923706055,8.140000343322754,7.53000020980835,7.760000228881836,7.760000228881836,10435700,INO
2020-04-14,7.840000152587891,7.860000133514404,7.369999885559082,7.440000057220459,7.440000057220459,10986900,INO
2020-04-15,7.21999979019165,7.329999923706055,6.880000114440918,7.139999866485596,7.139999866485596,11467300,INO
2020-04-16,7.610000133514404,7.889999866485596,7.360000133514404,7.889999866485596,7.889999866485596,16823800,INO
2020-04-17,8.0,8.390000343322754,7.539999961853027,8.260000228881836,8.260000228881836,21123100,INO
2020-04-20,8.140000343322754,9.859999656677246,8.100000381469727,9.050000190734863,9.050000190734863,40869000,INO
2020-04-21,9.520000457763672,10.399999618530272,8.609999656677246,9.899999618530272,9.899999618530272,45541900,INO
2020-04-22,10.579999923706056,11.899999618530272,10.31999969482422,11.710000038146973,11.710000038146973,65624200,INO
2020-04-23,13.18000030517578,13.630000114440918,11.520000457763672,12.029999732971191,12.029999732971191,93746600,INO
2020-04-24,12.600000381469728,15.079999923706056,12.0,14.59000015258789,14.59000015258789,129265400,INO
2020-04-27,15.789999961853027,16.5,12.760000228881836,13.699999809265137,13.699999809265137,122088000,INO
2020-04-28,14.369999885559082,14.390000343322754,12.600000381469728,13.75,13.75,55000500,INO
2020-04-29,13.979999542236328,14.239999771118164,13.020000457763672,13.739999771118164,13.739999771118164,42098000,INO
2020-04-30,13.199999809265137,13.420000076293944,11.600000381469728,12.029999732971191,12.029999732971191,35916600,INO
2020-05-01,11.0,11.75,9.529999732971191,10.279999732971191,10.279999732971191,45302000,INO
2020-05-04,10.119999885559082,11.34000015258789,9.710000038146973,11.229999542236328,11.229999542236328,27213900,INO
2020-05-05,11.350000381469728,11.59000015258789,10.329999923706056,10.640000343322754,10.640000343322754,21321200,INO
2020-05-06,10.390000343322754,10.640000343322754,9.859999656677246,10.470000267028809,10.470000267028809,16936200,INO
2020-05-07,10.420000076293944,10.979999542236328,10.149999618530272,10.699999809265137,10.699999809265137,16181600,INO
2020-05-08,10.449999809265137,10.970000267028809,10.289999961853027,10.859999656677246,10.859999656677246,13533400,INO
2020-05-11,11.220000267028809,12.050000190734863,11.029999732971191,11.899999618530272,11.899999618530272,34511300,INO
2020-05-12,11.6899995803833,13.5,11.609999656677246,12.899999618530272,12.899999618530272,55374200,INO
2020-05-13,13.420000076293944,13.850000381469728,11.8100004196167,13.369999885559082,13.369999885559082,39714100,INO
2020-05-14,13.68000030517578,14.09000015258789,12.789999961853027,13.649999618530272,13.649999618530272,30107400,INO
2020-05-15,13.170000076293944,13.850000381469728,12.90999984741211,13.43000030517578,13.43000030517578,22126400,INO
2020-05-18,13.6899995803833,14.56999969482422,13.5,14.170000076293944,14.170000076293944,35369200,INO
2020-05-19,14.130000114440918,15.119999885559082,13.670000076293944,14.5600004196167,14.5600004196167,33146700,INO
2020-05-20,16.59000015258789,16.920000076293945,15.0,15.789999961853027,15.789999961853027,77201100,INO
2020-05-21,15.539999961853027,15.59000015258789,13.899999618530272,14.239999771118164,14.239999771118164,34343000,INO
2020-05-22,14.25,14.59000015258789,13.220000267028809,14.079999923706056,14.079999923706056,16171800,INO
2020-05-26,14.210000038146973,15.06999969482422,14.149999618530272,14.460000038146973,14.460000038146973,20717300,INO
2020-05-27,14.0,14.050000190734863,12.279999732971191,13.1899995803833,13.1899995803833,25674400,INO
2020-05-28,12.770000457763672,13.949999809265137,12.75,13.350000381469728,13.350000381469728,13829800,INO
2020-05-29,13.550000190734863,14.920000076293944,13.329999923706056,14.75,14.75,19289000,INO
2020-06-01,14.779999732971191,15.25,14.25,14.859999656677246,14.859999656677246,23309100,INO
2020-06-02,14.520000457763672,14.550000190734863,13.75,14.34000015258789,14.34000015258789,15648500,INO
2020-06-03,13.899999618530272,14.31999969482422,12.100000381469728,12.43000030517578,12.43000030517578,38161000,INO
2020-06-04,12.449999809265137,12.890000343322754,11.729999542236328,11.880000114440918,11.880000114440918,18582600,INO
2020-06-05,12.109999656677246,12.31999969482422,11.260000228881836,11.93000030517578,11.93000030517578,18795300,INO
2020-06-08,11.850000381469728,12.100000381469728,11.130000114440918,12.029999732971191,12.029999732971191,14912700,INO
2020-06-09,12.0,13.199999809265137,11.899999618530272,12.760000228881836,12.760000228881836,19104100,INO
2020-06-10,13.100000381469728,13.630000114440918,12.949999809265137,13.390000343322754,13.390000343322754,15250700,INO
2020-06-11,12.920000076293944,13.350000381469728,12.020000457763672,12.18000030517578,12.18000030517578,14659500,INO
2020-06-12,12.609999656677246,13.399999618530272,12.550000190734863,13.020000457763672,13.020000457763672,13157700,INO
2020-06-15,13.149999618530272,14.1899995803833,13.149999618530272,14.149999618530272,14.149999618530272,20379100,INO
2020-06-16,14.229999542236328,14.289999961853027,13.260000228881836,13.899999618530272,13.899999618530272,13944700,INO
2020-06-17,13.6899995803833,14.1899995803833,13.470000267028809,13.81999969482422,13.81999969482422,12122900,INO
2020-06-18,13.670000076293944,14.5,13.609999656677246,14.34000015258789,14.34000015258789,10963500,INO
2020-06-19,14.43000030517578,14.739999771118164,14.109999656677246,14.270000457763672,14.270000457763672,17969200,INO
2020-06-22,14.5,15.31999969482422,14.399999618530272,15.300000190734863,15.300000190734863,16222000,INO
2020-06-23,16.760000228881836,22.68000030517578,16.010000228881836,21.56999969482422,21.56999969482422,172015000,INO
2020-06-24,22.1200008392334,25.600000381469727,20.6299991607666,23.8700008392334,23.8700008392334,125018300,INO
2020-06-25,25.790000915527344,31.56999969482422,25.34000015258789,31.25,31.25,143776900,INO
2020-06-26,31.63999938964844,33.790000915527344,24.600000381469727,29.979999542236328,29.979999542236328,150212700,INO
2020-06-29,28.31999969482422,31.709999084472656,26.600000381469727,31.690000534057617,31.690000534057617,52957900,INO
2020-06-30,27.040000915527344,30.0,23.59000015258789,26.950000762939453,26.950000762939453,98390000,INO
2020-07-01,22.75,24.270000457763672,18.350000381469727,19.729999542236328,19.729999542236328,103810600,INO
2020-07-02,19.90999984741211,22.479999542236328,19.89999961853028,21.450000762939453,21.450000762939453,52609000,INO
2020-07-06,21.6200008392334,21.8700008392334,19.530000686645508,20.93000030517578,20.93000030517578,39657900,INO
2020-07-07,21.0,24.989999771118164,20.75,24.09000015258789,24.09000015258789,62338300,INO
2020-07-08,22.799999237060547,24.38999938964844,22.530000686645508,23.459999084472656,23.459999084472656,28460800,INO
2020-07-09,23.0,24.520000457763672,22.90999984741211,23.270000457763672,23.270000457763672,23928600,INO
2020-07-10,23.1299991607666,23.64999961853028,22.64999961853028,23.3799991607666,23.3799991607666,16854200,INO
2020-07-13,23.46999931335449,28.540000915527344,23.43000030517578,25.6200008392334,25.6200008392334,57149400,INO
2020-07-14,27.01000022888184,28.13999938964844,24.63999938964844,26.209999084472656,26.209999084472656,31609200,INO
2020-07-15,25.39999961853028,25.479999542236328,23.46999931335449,24.51000022888184,24.51000022888184,21996800,INO
2020-07-16,23.64999961853028,24.64999961853028,23.15999984741211,24.56999969482422,24.56999969482422,11989700,INO
2020-07-17,25.299999237060547,27.790000915527344,25.229999542236328,26.96999931335449,26.96999931335449,38122500,INO
2020-07-20,26.96999931335449,27.5,24.100000381469727,25.3700008392334,25.3700008392334,21313000,INO
2020-07-21,25.559999465942383,27.950000762939453,24.65999984741211,27.049999237060547,27.049999237060547,22231300,INO
2020-07-22,25.93000030517578,26.729999542236328,25.11000061035156,26.190000534057617,26.190000534057617,18205900,INO
2020-07-23,25.64999961853028,26.229999542236328,24.14999961853028,24.57999992370605,24.57999992370605,15199100,INO
2020-07-24,23.049999237060547,23.049999237060547,21.520000457763672,21.90999984741211,21.90999984741211,16890800,INO
2020-07-27,23.020000457763672,23.049999237060547,20.06999969482422,21.07999992370605,21.07999992370605,19565800,INO
2020-07-28,20.459999084472656,22.780000686645508,20.350000381469727,20.790000915527344,20.790000915527344,20489000,INO
2020-07-29,21.1299991607666,21.40999984741211,19.06999969482422,19.479999542236328,19.479999542236328,21310400,INO
2020-07-30,21.209999084472656,22.93000030517578,20.1299991607666,20.729999542236328,20.729999542236328,44108600,INO
2020-07-31,20.68000030517578,21.020000457763672,19.290000915527344,19.440000534057617,19.440000534057617,18327900,INO
2020-08-03,19.56999969482422,20.700000762939453,18.71999931335449,20.690000534057617,20.690000534057617,17517600,INO
2020-08-04,20.3799991607666,21.059999465942383,19.81999969482422,20.31999969482422,20.31999969482422,10557500,INO
2020-08-05,20.239999771118164,22.1299991607666,19.81999969482422,21.790000915527344,21.790000915527344,16527500,INO
2020-08-06,21.61000061035156,21.84000015258789,19.780000686645508,20.32999992370605,20.32999992370605,15371000,INO
2020-08-07,20.18000030517578,21.049999237060547,19.89999961853028,20.21999931335449,20.21999931335449,9754100,INO
2020-08-10,19.6200008392334,19.65999984741211,18.229999542236328,18.989999771118164,18.989999771118164,18822000,INO
2020-08-11,16.5,16.700000762939453,14.5,14.619999885559082,14.619999885559082,46947900,INO
2020-08-12,14.960000038146973,15.1899995803833,12.40999984741211,13.75,13.75,35562000,INO
2020-08-13,13.470000267028809,14.75,13.449999809265137,14.390000343322754,14.390000343322754,14377600,INO
2020-08-14,14.68000030517578,16.059999465942383,14.510000228881836,14.789999961853027,14.789999961853027,22227200,INO
2020-08-17,14.8100004196167,15.039999961853027,13.899999618530272,15.039999961853027,15.039999961853027,10400300,INO
2020-08-18,14.800000190734863,15.06999969482422,14.100000381469728,14.1899995803833,14.1899995803833,9189900,INO
2020-08-19,14.329999923706056,14.829999923706056,14.210000038146973,14.470000267028809,14.470000267028809,8583800,INO
2020-08-20,14.43000030517578,15.029999732971191,14.270000457763672,14.859999656677246,14.859999656677246,10817700,INO
2020-08-21,14.600000381469728,14.779999732971191,13.829999923706056,14.100000381469728,14.100000381469728,10008300,INO
2020-08-24,13.270000457763672,13.359999656677246,11.93000030517578,12.239999771118164,12.239999771118164,20041700,INO
2020-08-25,11.729999542236328,13.079999923706056,11.600000381469728,12.619999885559082,12.619999885559082,10711000,INO
2020-08-26,12.59000015258789,13.09000015258789,12.359999656677246,12.729999542236328,12.729999542236328,7856600,INO
2020-08-27,12.279999732971191,12.6899995803833,11.600000381469728,11.8100004196167,11.8100004196167,13498700,INO
2020-08-28,11.800000190734863,12.399999618530272,11.329999923706056,12.0600004196167,12.0600004196167,9800800,INO
2020-08-31,12.289999961853027,12.699999809265137,11.90999984741211,11.989999771118164,11.989999771118164,8032600,INO
2020-09-01,11.600000381469728,12.06999969482422,11.220000267028809,11.40999984741211,11.40999984741211,9066700,INO
2020-09-02,11.170000076293944,11.420000076293944,10.010000228881836,10.630000114440918,10.630000114440918,23367200,INO
2020-09-03,10.260000228881836,10.880000114440918,9.779999732971191,9.850000381469728,9.850000381469728,15939900,INO
2020-09-04,9.850000381469728,10.140000343322754,8.779999732971191,9.56999969482422,9.56999969482422,12544200,INO
2020-09-08,10.199999809265137,10.239999771118164,9.149999618530272,9.609999656677246,9.609999656677246,15517700,INO
2020-09-09,10.010000228881836,11.890000343322754,9.93000030517578,10.279999732971191,10.279999732971191,27308000,INO
2020-09-10,10.300000190734863,10.449999809265137,9.65999984741211,9.720000267028809,9.720000267028809,11360000,INO
2020-09-11,9.789999961853027,10.300000190734863,9.579999923706056,10.079999923706056,10.079999923706056,9468600,INO
2020-09-14,10.25,11.380000114440918,10.229999542236328,11.31999969482422,11.31999969482422,16245400,INO
2020-09-15,11.510000228881836,14.260000228881836,11.510000228881836,13.630000114440918,13.630000114440918,44936300,INO
2020-09-16,14.380000114440918,18.549999237060547,14.079999923706056,18.520000457763672,18.520000457763672,110608200,INO
2020-09-17,16.559999465942383,17.889999389648438,14.300000190734863,15.670000076293944,15.670000076293944,58219800,INO
2020-09-18,15.449999809265137,18.46999931335449,14.890000343322754,17.0,17.0,59905900,INO
2020-09-21,16.950000762939453,18.450000762939453,16.5,17.690000534057617,17.690000534057617,33628000,INO
2020-09-22,17.920000076293945,18.690000534057617,16.579999923706055,16.979999542236328,16.979999542236328,26992100,INO
2020-09-23,16.209999084472656,17.0,15.229999542236328,15.970000267028809,15.970000267028809,21016600,INO
2020-09-24,14.920000076293944,16.0,14.5,15.369999885559082,15.369999885559082,13417600,INO
2020-09-25,15.850000381469728,16.959999084472656,15.850000381469728,16.940000534057617,16.940000534057617,13539800,INO
2020-09-28,10.630000114440918,13.800000190734863,10.279999732971191,12.140000343322754,12.140000343322754,66840700,INO
2020-09-29,11.93000030517578,12.550000190734863,11.289999961853027,11.3100004196167,11.3100004196167,22787200,INO
2020-09-30,11.199999809265137,11.84000015258789,11.100000381469728,11.600000381469728,11.600000381469728,14121600,INO
2020-10-01,11.739999771118164,12.100000381469728,11.420000076293944,11.739999771118164,11.739999771118164,9599200,INO
2020-10-02,11.850000381469728,12.199999809265137,11.529999732971191,11.649999618530272,11.649999618530272,10122300,INO
2020-10-05,11.760000228881836,11.9399995803833,11.210000038146973,11.9399995803833,11.9399995803833,8493200,INO
2020-10-06,11.890000343322754,13.109999656677246,11.890000343322754,12.40999984741211,12.40999984741211,16028600,INO
2020-10-07,12.710000038146973,12.84000015258789,12.079999923706056,12.579999923706056,12.579999923706056,7825500,INO
2020-10-08,12.6899995803833,12.800000190734863,12.350000381469728,12.479999542236328,12.479999542236328,5529900,INO
2020-10-09,12.449999809265137,12.5,11.949999809265137,12.3100004196167,12.3100004196167,7002600,INO
2020-10-12,12.25,12.68000030517578,12.170000076293944,12.43000030517578,12.43000030517578,5964900,INO
2020-10-13,12.4399995803833,13.079999923706056,12.40999984741211,12.81999969482422,12.81999969482422,8994800,INO
2020-10-14,12.90999984741211,12.989999771118164,12.0600004196167,12.130000114440918,12.130000114440918,7228000,INO
2020-10-15,12.06999969482422,12.239999771118164,11.56999969482422,12.210000038146973,12.210000038146973,5321600,INO
2020-10-16,12.199999809265137,12.270000457763672,11.8100004196167,11.850000381469728,11.850000381469728,5074900,INO
2020-10-19,11.899999618530272,11.979999542236328,11.25,11.350000381469728,11.350000381469728,5332700,INO
2020-10-20,11.43000030517578,11.460000038146973,10.56999969482422,11.0,11.0,7536700,INO
2020-10-21,10.9399995803833,11.0,10.470000267028809,10.5,10.5,5930900,INO
2020-10-22,10.369999885559082,11.350000381469728,10.279999732971191,11.239999771118164,11.239999771118164,7164700,INO
2020-10-23,11.210000038146973,11.279999732971191,10.649999618530272,10.949999809265137,10.949999809265137,4109400,INO
2020-10-26,10.670000076293944,10.93000030517578,10.34000015258789,10.449999809265137,10.449999809265137,4310100,INO
2020-10-27,10.470000267028809,11.199999809265137,10.350000381469728,11.109999656677246,11.109999656677246,7550300,INO
2020-10-28,10.8100004196167,11.050000190734863,10.3100004196167,10.920000076293944,10.920000076293944,5996300,INO
2020-10-29,10.989999771118164,11.079999923706056,10.449999809265137,10.489999771118164,10.489999771118164,5196000,INO
2020-10-30,10.380000114440918,10.59000015258789,9.720000267028809,9.850000381469728,9.850000381469728,7539900,INO
2020-11-02,9.9399995803833,10.239999771118164,9.81999969482422,10.020000457763672,10.020000457763672,3830900,INO
2020-11-03,10.149999618530272,10.270000457763672,9.859999656677246,10.220000267028809,10.220000267028809,5004600,INO
2020-11-04,10.210000038146973,10.979999542236328,10.210000038146973,10.90999984741211,10.90999984741211,5258000,INO
2020-11-05,11.25,11.25,10.649999618530272,10.800000190734863,10.800000190734863,4743500,INO
2020-11-06,10.600000381469728,10.68000030517578,10.260000228881836,10.529999732971191,10.529999732971191,4706900,INO
2020-11-09,9.710000038146973,9.779999732971191,8.260000228881836,8.5,8.5,26526300,INO
2020-11-10,8.989999771118164,11.600000381469728,8.899999618530273,11.510000228881836,11.510000228881836,35276800,INO
2020-11-11,10.869999885559082,10.960000038146973,10.119999885559082,10.720000267028809,10.720000267028809,10620900,INO
2020-11-12,10.949999809265137,12.399999618530272,10.800000190734863,11.359999656677246,11.359999656677246,16954200,INO
2020-11-13,11.390000343322754,11.510000228881836,10.81999969482422,11.220000267028809,11.220000267028809,6922000,INO
2020-11-16,12.5600004196167,12.9399995803833,11.670000076293944,12.850000381469728,12.850000381469728,23253900,INO
2020-11-17,12.300000190734863,12.43000030517578,11.600000381469728,11.699999809265137,11.699999809265137,10813700,INO
2020-11-18,11.109999656677246,11.449999809265137,10.8100004196167,11.039999961853027,11.039999961853027,8419900,INO
2020-11-19,11.289999961853027,11.470000267028809,10.920000076293944,11.020000457763672,11.020000457763672,5648400,INO
2020-11-20,11.399999618530272,11.56999969482422,10.229999542236328,10.539999961853027,10.539999961853027,13900200,INO
2020-11-23,10.630000114440918,10.65999984741211,10.029999732971191,10.380000114440918,10.380000114440918,9520400,INO
2020-11-24,10.100000381469728,10.390000343322754,9.739999771118164,10.149999618530272,10.149999618530272,9927600,INO
2020-11-25,10.100000381469728,11.09000015258789,10.050000190734863,10.390000343322754,10.390000343322754,11057300,INO
2020-11-27,10.489999771118164,12.399999618530272,10.489999771118164,12.260000228881836,12.260000228881836,21178700,INO
2020-11-30,12.289999961853027,12.789999961853027,11.56999969482422,12.220000267028809,12.220000267028809,23173500,INO
2020-12-01,12.350000381469728,13.600000381469728,12.199999809265137,12.420000076293944,12.420000076293944,20188100,INO
2020-12-02,12.020000457763672,12.270000457763672,11.59000015258789,11.970000267028809,11.970000267028809,8819800,INO
2020-12-03,12.239999771118164,13.380000114440918,12.220000267028809,12.520000457763672,12.520000457763672,17859000,INO
2020-12-04,13.449999809265137,13.9399995803833,12.5600004196167,12.600000381469728,12.600000381469728,23507800,INO
2020-12-07,12.68000030517578,12.880000114440918,11.970000267028809,12.170000076293944,12.170000076293944,10864500,INO
2020-12-08,12.0,12.260000228881836,11.449999809265137,11.949999809265137,11.949999809265137,12059200,INO
2020-12-09,11.960000038146973,12.039999961853027,11.119999885559082,11.43000030517578,11.43000030517578,9984100,INO
2020-12-10,11.329999923706056,11.43000030517578,11.06999969482422,11.359999656677246,11.359999656677246,6111300,INO
2020-12-11,11.350000381469728,11.460000038146973,10.8100004196167,11.0600004196167,11.0600004196167,7160200,INO
2020-12-14,10.9399995803833,11.029999732971191,10.270000457763672,10.40999984741211,10.40999984741211,8980200,INO
2020-12-15,10.84000015258789,10.960000038146973,10.449999809265137,10.920000076293944,10.920000076293944,8683200,INO
2020-12-16,10.760000228881836,10.84000015258789,10.34000015258789,10.4399995803833,10.4399995803833,5895500,INO
2020-12-17,10.4399995803833,10.75,10.15999984741211,10.720000267028809,10.720000267028809,6785600,INO
2020-12-18,10.59000015258789,10.630000114440918,10.3100004196167,10.390000343322754,10.390000343322754,9450200,INO
2020-12-21,10.329999923706056,10.5,10.079999923706056,10.329999923706056,10.329999923706056,6073000,INO
2020-12-22,10.329999923706056,10.380000114440918,9.739999771118164,9.899999618530272,9.899999618530272,9410800,INO
2020-12-23,9.760000228881836,10.25,9.520000457763672,10.06999969482422,10.06999969482422,7682400,INO
2020-12-24,10.949999809265137,11.029999732971191,10.109999656677246,10.260000228881836,10.260000228881836,17748700,INO
2020-12-28,10.300000190734863,10.380000114440918,9.510000228881836,9.600000381469728,9.600000381469728,13213200,INO
2020-12-29,9.489999771118164,9.630000114440918,8.619999885559082,8.920000076293945,8.920000076293945,17729800,INO
2020-12-30,9.050000190734863,9.1899995803833,8.850000381469727,9.0,9.0,8181800,INO
2020-12-31,8.850000381469727,9.329999923706056,8.710000038146973,8.850000381469727,8.850000381469727,10945300,INO
2021-01-04,9.050000190734863,9.81999969482422,8.8100004196167,9.729999542236328,9.729999542236328,15563800,INO
2021-01-05,9.84000015258789,9.890000343322754,9.199999809265137,9.260000228881836,9.260000228881836,10213200,INO
2021-01-06,9.229999542236328,9.619999885559082,9.170000076293944,9.34000015258789,9.34000015258789,8307000,INO
2021-01-07,9.43000030517578,9.520000457763672,9.1899995803833,9.4399995803833,9.4399995803833,8355200,INO
2021-01-08,9.350000381469728,9.460000038146973,9.010000228881836,9.220000267028809,9.220000267028809,7748800,INO
2021-01-11,9.020000457763672,9.130000114440918,8.850000381469727,9.09000015258789,9.09000015258789,6968300,INO
2021-01-12,8.979999542236328,9.18000030517578,8.829999923706055,9.100000381469728,9.100000381469728,5347800,INO
2021-01-13,9.0600004196167,9.399999618530272,8.970000267028809,9.229999542236328,9.229999542236328,7116500,INO
2021-01-14,9.260000228881836,9.470000267028809,9.1899995803833,9.369999885559082,9.369999885559082,5410000,INO
2021-01-15,9.34000015258789,10.56999969482422,9.300000190734863,9.65999984741211,9.65999984741211,19984500,INO
2021-01-19,9.850000381469728,10.1899995803833,9.510000228881836,10.100000381469728,10.100000381469728,9626600,INO
2021-01-20,10.130000114440918,10.279999732971191,9.670000076293944,9.720000267028809,9.720000267028809,7967700,INO
2021-01-21,9.010000228881836,9.420000076293944,8.800000190734863,9.100000381469728,9.100000381469728,21969000,INO
2021-01-22,9.0,9.300000190734863,8.8100004196167,9.0,9.0,13490100,INO
2021-01-25,9.0,9.779999732971191,8.930000305175781,9.720000267028809,9.720000267028809,19379300,INO
2021-01-26,9.800000190734863,10.68000030517578,9.5,10.579999923706056,10.579999923706056,17794200,INO
2021-01-27,10.5,13.68000030517578,10.380000114440918,12.5,12.5,49863900,INO
2021-01-28,12.529999732971191,13.390000343322754,10.90999984741211,10.949999809265137,10.949999809265137,20209400,INO
2021-01-29,12.529999732971191,13.5,11.90999984741211,12.75,12.75,33745900,INO
2021-02-01,13.760000228881836,18.200000762939453,13.300000190734863,16.959999084472656,16.959999084472656,94507700,INO
2021-02-02,18.96999931335449,19.0,13.81999969482422,15.09000015258789,15.09000015258789,47608000,INO
2021-02-03,14.729999542236328,15.010000228881836,13.65999984741211,14.5600004196167,14.5600004196167,22791600,INO
2021-02-04,14.579999923706056,14.579999923706056,12.109999656677246,12.600000381469728,12.600000381469728,18966200,INO
2021-02-05,13.170000076293944,13.390000343322754,12.510000228881836,12.84000015258789,12.84000015258789,11967500,INO
2021-02-08,13.0,14.350000381469728,12.600000381469728,13.869999885559082,13.869999885559082,17625900,INO
2021-02-09,13.890000343322754,14.010000228881836,13.140000343322754,13.779999732971191,13.779999732971191,9170400,INO
2021-02-10,13.729999542236328,14.029999732971191,12.850000381469728,12.979999542236328,12.979999542236328,8909800,INO
2021-02-11,13.06999969482422,13.390000343322754,12.710000038146973,13.0,13.0,9083600,INO
2021-02-12,15.420000076293944,16.079999923706055,14.18000030517578,14.220000267028809,14.220000267028809,46248000,INO
2021-02-16,14.520000457763672,14.949999809265137,13.579999923706056,13.779999732971191,13.779999732971191,17511700,INO
2021-02-17,13.550000190734863,15.40999984741211,13.260000228881836,15.369999885559082,15.369999885559082,17364600,INO
2021-02-18,14.880000114440918,15.34000015258789,13.829999923706056,13.970000267028809,13.970000267028809,15515700,INO
2021-02-19,14.06999969482422,14.369999885559082,13.699999809265137,13.84000015258789,13.84000015258789,8978600,INO
2021-02-22,13.68000030517578,13.899999618530272,12.81999969482422,12.880000114440918,12.880000114440918,11014400,INO
2021-02-23,12.100000381469728,12.140000343322754,10.899999618530272,11.68000030517578,11.68000030517578,16412800,INO
2021-02-24,11.8100004196167,12.170000076293944,11.5,12.010000228881836,12.010000228881836,8359300,INO
2021-02-25,12.09000015258789,12.789999961853027,11.34000015258789,11.489999771118164,11.489999771118164,11552200,INO
2021-02-26,11.5600004196167,11.850000381469728,10.850000381469728,11.100000381469728,11.100000381469728,12264300,INO
2021-03-01,11.420000076293944,11.90999984741211,11.239999771118164,11.600000381469728,11.600000381469728,14043400,INO
2021-03-02,10.960000038146973,11.0,10.010000228881836,10.020000457763672,10.020000457763672,20825100,INO
2021-03-03,10.020000457763672,10.289999961853027,9.3100004196167,9.5600004196167,9.5600004196167,15931100,INO
2021-03-04,9.399999618530272,9.800000190734863,8.920000076293945,9.149999618530272,9.149999618530272,15809900,INO
2021-03-05,9.270000457763672,9.390000343322754,8.40999984741211,9.1899995803833,9.1899995803833,15391400,INO
2021-03-08,9.199999809265137,9.449999809265137,8.880000114440918,8.90999984741211,8.90999984741211,9897800,INO
2021-03-09,9.149999618530272,9.949999809265137,9.109999656677246,9.75,9.75,10784200,INO
2021-03-10,9.920000076293944,10.300000190734863,9.81999969482422,9.979999542236328,9.979999542236328,7539400,INO
2021-03-11,10.229999542236328,10.600000381469728,10.020000457763672,10.56999969482422,10.56999969482422,7621300,INO
2021-03-12,10.229999542236328,10.56999969482422,9.9399995803833,10.5,10.5,6871200,INO
2021-03-15,10.670000076293944,10.68000030517578,10.260000228881836,10.449999809265137,10.449999809265137,5382000,INO
2021-03-16,10.40999984741211,10.81999969482422,10.170000076293944,10.470000267028809,10.470000267028809,6540700,INO
2021-03-17,10.1899995803833,10.5600004196167,10.06999969482422,10.520000457763672,10.520000457763672,5871800,INO
2021-03-18,10.25,10.5,9.739999771118164,9.84000015258789,9.84000015258789,5733800,INO
2021-03-19,10.039999961853027,10.239999771118164,9.84000015258789,10.109999656677246,10.109999656677246,11353400,INO
2021-03-22,10.1899995803833,10.40999984741211,9.989999771118164,10.31999969482422,10.31999969482422,4325400,INO
2021-03-23,10.25,10.390000343322754,9.479999542236328,9.510000228881836,9.510000228881836,6410600,INO
2021-03-24,9.619999885559082,9.619999885559082,8.949999809265137,8.979999542236328,8.979999542236328,7819900,INO
2021-03-25,8.869999885559082,9.220000267028809,8.779999732971191,9.0600004196167,9.0600004196167,6641800,INO
2021-03-26,9.119999885559082,9.15999984741211,8.84000015258789,9.029999732971191,9.029999732971191,7196800,INO
2021-03-29,9.020000457763672,9.25,8.859999656677246,9.039999961853027,9.039999961853027,6067500,INO
2021-03-30,9.010000228881836,9.039999961853027,8.710000038146973,8.8100004196167,8.8100004196167,6373600,INO
2021-03-31,8.890000343322754,9.4399995803833,8.729999542236328,9.279999732971191,9.279999732971191,7523400,INO
2021-04-01,9.390000343322754,9.960000038146973,9.329999923706056,9.479999542236328,9.479999542236328,6050600,INO
2021-04-05,9.550000190734863,9.6899995803833,9.100000381469728,9.130000114440918,9.130000114440918,6339000,INO
2021-04-06,9.18000030517578,9.279999732971191,8.90999984741211,8.949999809265137,8.949999809265137,5946100,INO
2021-04-07,8.979999542236328,9.18000030517578,8.880000114440918,8.899999618530273,8.899999618530273,5913900,INO
2021-04-08,8.949999809265137,8.970000267028809,8.65999984741211,8.800000190734863,8.800000190734863,6680600,INO
2021-04-09,8.770000457763672,8.890000343322754,8.640000343322754,8.720000267028809,8.720000267028809,4780600,INO
2021-04-12,8.6899995803833,8.729999542236328,8.0600004196167,8.239999771118164,8.239999771118164,7574300,INO
2021-04-13,8.270000457763672,8.789999961853027,8.260000228881836,8.729999542236328,8.729999542236328,5577700,INO
2021-04-14,8.800000190734863,9.199999809265137,8.6899995803833,8.84000015258789,8.84000015258789,5963700,INO
2021-04-15,9.81999969482422,10.369999885559082,8.850000381469727,9.010000228881836,9.010000228881836,71187600,INO
2021-04-16,8.800000190734863,8.970000267028809,8.529999732971191,8.739999771118164,8.739999771118164,8920100,INO
2021-04-19,8.6899995803833,8.960000038146973,8.59000015258789,8.8100004196167,8.8100004196167,6251600,INO
2021-04-20,8.789999961853027,8.90999984741211,8.449999809265137,8.630000114440918,8.630000114440918,5244100,INO
2021-04-21,8.539999961853027,9.15999984741211,8.489999771118164,9.15999984741211,9.15999984741211,6252700,INO
2021-04-22,9.229999542236328,9.369999885559082,8.920000076293945,9.130000114440918,9.130000114440918,6493300,INO
2021-04-23,6.599999904632568,7.039999961853027,6.489999771118164,6.849999904632568,6.849999904632568,54503300,INO
2021-04-26,6.900000095367432,7.349999904632568,6.739999771118164,6.949999809265137,6.949999809265137,17331000,INO
2021-04-27,7.070000171661377,7.289999961853027,6.960000038146973,7.170000076293945,7.170000076293945,9640700,INO
2021-04-28,7.119999885559082,7.25,7.0,7.079999923706055,7.079999923706055,6527900,INO
2021-04-29,7.070000171661377,7.190000057220459,6.800000190734863,6.889999866485596,6.889999866485596,6280600,INO
2021-04-30,6.820000171661377,7.019999980926514,6.75,6.809999942779541,6.809999942779541,5153300,INO
2021-05-03,6.869999885559082,6.909999847412109,6.579999923706055,6.650000095367432,6.650000095367432,6766900,INO
2021-05-04,6.610000133514404,6.610000133514404,6.329999923706055,6.53000020980835,6.53000020980835,8016100,INO
2021-05-05,6.53000020980835,6.730000019073486,6.440000057220459,6.53000020980835,6.53000020980835,4928100,INO
2021-05-06,6.53000020980835,6.53000020980835,6.239999771118164,6.510000228881836,6.510000228881836,7707000,INO
2021-05-07,6.599999904632568,6.909999847412109,6.599999904632568,6.849999904632568,6.849999904632568,6530800,INO
2021-05-10,6.989999771118164,7.199999809265137,6.610000133514404,6.670000076293945,6.670000076293945,16739900,INO
2021-05-11,5.900000095367432,6.610000133514404,5.809999942779541,6.489999771118164,6.489999771118164,9645700,INO
2021-05-12,6.579999923706055,6.599999904632568,6.139999866485596,6.300000190734863,6.300000190734863,9457500,INO
2021-05-13,6.260000228881836,6.400000095367432,6.090000152587891,6.230000019073486,6.230000019073486,7227300,INO
2021-05-14,6.21999979019165,6.71999979019165,6.079999923706055,6.550000190734863,6.550000190734863,6159200,INO
2021-05-17,6.619999885559082,6.860000133514404,6.550000190734863,6.800000190734863,6.800000190734863,5062000,INO
2021-05-18,6.860000133514404,7.28000020980835,6.75,7.110000133514404,7.110000133514404,7282400,INO
2021-05-19,7.0,7.110000133514404,6.71999979019165,6.849999904632568,6.849999904632568,3952400,INO
2021-05-20,6.900000095367432,7.150000095367432,6.800000190734863,7.130000114440918,7.130000114440918,4533400,INO
2021-05-21,7.139999866485596,7.190000057220459,7.03000020980835,7.059999942779541,7.059999942779541,3448800,INO
2021-05-24,7.059999942779541,7.269999980926514,6.829999923706055,7.159999847412109,7.159999847412109,4468500,INO
2021-05-25,7.159999847412109,7.289999961853027,7.0,7.039999961853027,7.039999961853027,3357300,INO
2021-05-26,7.050000190734863,7.409999847412109,6.980000019073486,7.369999885559082,7.369999885559082,5284200,INO
2021-05-27,7.360000133514404,7.630000114440918,7.28000020980835,7.570000171661377,7.570000171661377,4298300,INO
2021-05-28,7.570000171661377,8.050000190734863,7.46999979019165,7.550000190734863,7.550000190734863,5542700,INO
2021-06-01,7.559999942779541,7.690000057220459,7.389999866485596,7.440000057220459,7.440000057220459,3153300,INO
2021-06-02,7.460000038146973,7.989999771118164,7.369999885559082,7.960000038146973,7.960000038146973,4907200,INO
2021-06-03,7.900000095367432,8.25,7.820000171661377,7.889999866485596,7.889999866485596,5661500,INO
2021-06-04,7.860000133514404,8.119999885559082,7.820000171661377,7.940000057220459,7.940000057220459,3145500,INO
2021-06-07,7.96999979019165,8.579999923706055,7.96999979019165,8.4399995803833,8.4399995803833,6628000,INO
2021-06-08,8.649999618530273,8.6899995803833,8.239999771118164,8.59000015258789,8.59000015258789,6036800,INO
2021-06-09,8.890000343322754,10.329999923706056,8.800000190734863,10.029999732971191,10.029999732971191,23803800,INO
2021-06-10,9.59000015258789,9.649999618530272,8.890000343322754,9.149999618530272,9.149999618530272,7663800,INO
2021-06-11,9.279999732971191,9.279999732971191,8.899999618530273,9.100000381469728,9.100000381469728,3768900,INO
2021-06-14,9.109999656677246,9.15999984741211,8.729999542236328,8.90999984741211,8.90999984741211,5142900,INO
2021-06-15,8.930000305175781,8.970000267028809,8.5600004196167,8.630000114440918,8.630000114440918,4008800,INO
2021-06-16,8.510000228881836,8.779999732971191,8.350000381469727,8.569999694824219,8.569999694824219,3350500,INO
2021-06-17,8.569999694824219,9.06999969482422,8.520000457763672,8.819999694824219,8.819999694824219,4076800,INO
2021-06-18,8.760000228881836,8.8100004196167,8.4399995803833,8.489999771118164,8.489999771118164,5598300,INO
2021-06-21,8.529999732971191,8.770000457763672,8.399999618530273,8.640000343322754,8.640000343322754,3168300,INO
2021-06-22,8.59000015258789,8.729999542236328,8.380000114440918,8.699999809265137,8.699999809265137,3039000,INO
2021-06-23,8.859999656677246,9.0600004196167,8.529999732971191,8.6899995803833,8.6899995803833,3744000,INO
2021-06-24,8.800000190734863,8.949999809265137,8.729999542236328,8.890000343322754,8.890000343322754,3469700,INO
2021-06-25,8.859999656677246,9.239999771118164,8.8100004196167,9.229999542236328,9.229999542236328,14304600,INO
2021-06-28,9.449999809265137,9.9399995803833,9.1899995803833,9.449999809265137,9.449999809265137,6525700,INO
2021-06-29,9.479999542236328,9.670000076293944,9.210000038146973,9.460000038146973,9.460000038146973,4147800,INO
2021-06-30,9.40999984741211,9.470000267028809,9.18000030517578,9.270000457763672,9.270000457763672,3576400,INO
2021-07-01,9.229999542236328,9.460000038146973,9.079999923706056,9.460000038146973,9.460000038146973,3323200,INO
2021-07-02,9.4399995803833,9.510000228881836,9.020000457763672,9.020000457763672,9.020000457763672,3603600,INO
2021-07-06,9.050000190734863,9.149999618530272,8.770000457763672,8.779999732971191,8.779999732971191,2981300,INO
2021-07-07,8.729999542236328,8.739999771118164,8.050000190734863,8.1899995803833,8.1899995803833,4950100,INO
2021-07-08,7.949999809265137,8.720000267028809,7.880000114440918,8.350000381469727,8.350000381469727,5533800,INO
2021-07-09,8.380000114440918,8.399999618530273,8.149999618530273,8.329999923706055,8.329999923706055,2346000,INO
2021-07-12,8.399999618530273,8.430000305175781,8.109999656677246,8.15999984741211,8.15999984741211,2025400,INO
2021-07-13,8.149999618530273,8.210000038146973,8.0,8.010000228881836,8.010000228881836,2123500,INO
2021-07-14,8.020000457763672,8.220000267028809,7.829999923706055,7.869999885559082,7.869999885559082,3685100,INO
2021-07-15,7.78000020980835,8.09000015258789,7.679999828338623,8.0,8.0,6238700,INO
2021-07-16,8.050000190734863,8.390000343322754,7.989999771118164,8.260000228881836,8.260000228881836,3775300,INO
2021-07-19,8.130000114440918,8.970000267028809,8.079999923706055,8.930000305175781,8.930000305175781,5789100,INO
2021-07-20,8.829999923706055,9.220000267028809,8.359999656677246,8.59000015258789,8.59000015258789,5809000,INO
2021-07-21,8.449999809265137,8.819999694824219,8.25,8.75,8.75,3259500,INO
2021-07-22,8.800000190734863,8.90999984741211,8.600000381469727,8.640000343322754,8.640000343322754,2683200,INO
2021-07-23,8.680000305175781,8.710000038146973,8.100000381469727,8.199999809265137,8.199999809265137,3446600,INO
2021-07-26,8.140000343322754,8.4399995803833,8.09000015258789,8.279999732971191,8.279999732971191,2695600,INO
2021-07-27,8.229999542236328,8.390000343322754,8.029999732971191,8.260000228881836,8.260000228881836,2705900,INO
2021-07-28,8.34000015258789,8.739999771118164,8.270000457763672,8.670000076293945,8.670000076293945,3230100,INO
2021-07-29,8.720000267028809,8.850000381469727,8.489999771118164,8.5,8.5,2201700,INO
2021-07-30,8.449999809265137,8.579999923706055,8.329999923706055,8.399999618530273,8.399999618530273,2009400,INO
2021-08-02,8.460000038146973,8.779999732971191,8.420000076293945,8.59000015258789,8.59000015258789,2533100,INO
2021-08-03,8.59000015258789,8.6899995803833,8.4399995803833,8.609999656677246,8.609999656677246,2888900,INO
2021-08-04,8.010000228881836,9.06999969482422,8.0,8.760000228881836,8.760000228881836,5187600,INO
2021-08-05,8.739999771118164,9.43000030517578,8.619999885559082,9.239999771118164,9.239999771118164,6676300,INO
2021-08-06,9.239999771118164,9.300000190734863,8.949999809265137,9.109999656677246,9.109999656677246,4017900,INO
2021-08-09,9.15999984741211,9.93000030517578,8.949999809265137,9.600000381469728,9.600000381469728,8240500,INO
2021-08-10,9.149999618530272,9.390000343322754,8.399999618530273,8.569999694824219,8.569999694824219,10881000,INO
2021-08-11,8.550000190734863,8.600000381469727,8.279999732971191,8.550000190734863,8.550000190734863,3813300,INO
2021-08-12,8.539999961853027,9.960000038146973,8.510000228881836,9.6899995803833,9.6899995803833,18398500,INO
2021-08-13,9.729999542236328,9.739999771118164,9.18000030517578,9.229999542236328,9.229999542236328,6061900,INO
2021-08-16,9.18000030517578,9.199999809265137,8.319999694824219,8.329999923706055,8.329999923706055,6045300,INO
2021-08-17,8.260000228881836,8.710000038146973,8.220000267028809,8.449999809265137,8.449999809265137,4745100,INO
2021-08-18,8.470000267028809,8.550000190734863,8.149999618530273,8.180000305175781,8.180000305175781,3632800,INO
2021-08-19,8.140000343322754,8.149999618530273,7.75,7.769999980926514,7.769999980926514,4051600,INO
2021-08-20,7.75,8.170000076293945,7.71999979019165,8.079999923706055,8.079999923706055,3299600,INO
2021-08-23,8.220000267028809,8.460000038146973,8.109999656677246,8.359999656677246,8.359999656677246,3490500,INO
2021-08-24,8.369999885559082,8.4399995803833,8.1899995803833,8.380000114440918,8.380000114440918,3106900,INO
2021-08-25,8.34000015258789,8.760000228881836,8.229999542236328,8.4399995803833,8.4399995803833,4068200,INO
2021-08-26,8.850000381469727,9.59000015258789,8.680000305175781,8.699999809265137,8.699999809265137,12753200,INO
2021-08-27,8.779999732971191,8.979999542236328,8.460000038146973,8.779999732971191,8.779999732971191,4541200,INO
2021-08-30,8.8100004196167,9.079999923706056,8.630000114440918,8.640000343322754,8.640000343322754,3388500,INO
2021-08-31,8.649999618530273,9.010000228881836,8.5600004196167,8.640000343322754,8.640000343322754,4810700,INO
2021-09-01,8.649999618530273,8.880000114440918,8.529999732971191,8.739999771118164,8.739999771118164,3435300,INO
2021-09-02,8.770000457763672,8.84000015258789,8.640000343322754,8.819999694824219,8.819999694824219,2465300,INO
2021-09-03,8.819999694824219,8.819999694824219,8.40999984741211,8.520000457763672,8.520000457763672,3678500,INO
2021-09-07,8.229999542236328,8.880000114440918,8.210000038146973,8.550000190734863,8.550000190734863,6301200,INO
2021-09-08,8.5600004196167,8.619999885559082,8.170000076293945,8.270000457763672,8.270000457763672,4208800,INO
2021-09-09,8.270000457763672,8.550000190734863,8.1899995803833,8.399999618530273,8.399999618530273,2833600,INO
2021-09-10,8.40999984741211,8.5,7.940000057220459,7.949999809265137,7.949999809265137,5610700,INO
2021-09-13,7.909999847412109,8.050000190734863,7.650000095367432,7.789999961853027,7.789999961853027,4242800,INO
2021-09-14,7.760000228881836,8.0,7.510000228881836,7.53000020980835,7.53000020980835,4160100,INO
2021-09-15,7.519999980926514,7.679999828338623,7.429999828338623,7.570000171661377,7.570000171661377,3177600,INO
2021-09-16,7.559999942779541,7.78000020980835,7.489999771118164,7.75,7.75,2668100,INO
2021-09-17,7.800000190734863,8.149999618530273,7.679999828338623,8.140000343322754,8.140000343322754,6418000,INO
2021-09-20,7.909999847412109,8.130000114440918,7.679999828338623,7.789999961853027,7.789999961853027,3663100,INO
2021-09-21,7.860000133514404,7.949999809265137,7.769999980926514,7.860000133514404,7.860000133514404,2035100,INO
2021-09-22,7.880000114440918,7.940000057220459,7.670000076293945,7.789999961853027,7.789999961853027,4285600,INO
2021-09-23,7.800000190734863,8.029999732971191,7.730000019073486,8.029999732971191,8.029999732971191,2790800,INO
2021-09-24,7.980000019073486,8.039999961853027,7.760000228881836,7.760000228881836,7.760000228881836,2411600,INO
2021-09-27,7.800000190734863,7.900000095367432,7.690000057220459,7.769999980926514,7.769999980926514,2474000,INO
2021-09-28,7.699999809265137,7.75,7.320000171661377,7.389999866485596,7.389999866485596,4525700,INO
2021-09-29,7.460000038146973,7.659999847412109,7.230000019073486,7.269999980926514,7.269999980926514,3554500,INO
2021-09-30,7.300000190734863,7.440000057220459,7.150000095367432,7.159999847412109,7.159999847412109,3082600,INO
2021-10-01,7.099999904632568,7.099999904632568,6.460000038146973,6.699999809265137,6.699999809265137,7648900,INO
2021-10-04,6.510000228881836,6.71999979019165,6.340000152587891,6.360000133514404,6.360000133514404,4876000,INO
2021-10-05,6.389999866485596,6.610000133514404,6.349999904632568,6.550000190734863,6.550000190734863,3022700,INO
2021-10-06,6.429999828338623,6.53000020980835,6.369999885559082,6.409999847412109,6.409999847412109,2613900,INO
2021-10-07,6.420000076293945,6.78000020980835,6.340000152587891,6.630000114440918,6.630000114440918,2635300,INO
2021-10-08,6.679999828338623,6.690000057220459,6.510000228881836,6.550000190734863,6.550000190734863,1660600,INO
2021-10-11,6.550000190734863,6.940000057220459,6.519999980926514,6.800000190734863,6.800000190734863,2312100,INO
2021-10-12,6.940000057220459,6.980000019073486,6.800000190734863,6.920000076293945,6.920000076293945,2225800,INO
2021-10-13,7.0,7.070000171661377,6.849999904632568,6.989999771118164,6.989999771118164,2486400,INO
2021-10-14,7.090000152587891,7.239999771118164,7.010000228881836,7.159999847412109,7.159999847412109,2241400,INO
2021-10-15,7.210000038146973,7.230000019073486,7.019999980926514,7.019999980926514,7.019999980926514,2373200,INO
2021-10-18,6.980000019073486,7.059999942779541,6.909999847412109,7.019999980926514,7.019999980926514,1905100,INO
2021-10-19,7.059999942779541,7.210000038146973,7.0,7.130000114440918,7.130000114440918,2415400,INO
2021-10-20,7.059999942779541,7.170000076293945,6.96999979019165,7.039999961853027,7.039999961853027,2006700,INO
2021-10-21,7.110000133514404,7.210000038146973,6.980000019073486,7.039999961853027,7.039999961853027,2048000,INO
2021-10-22,6.929999828338623,6.949999809265137,6.579999923706055,6.739999771118164,6.739999771118164,4068000,INO
2021-10-25,6.730000019073486,6.949999809265137,6.659999847412109,6.940000057220459,6.940000057220459,2098400,INO
2021-10-26,6.980000019073486,7.099999904632568,6.820000171661377,6.840000152587891,6.840000152587891,2591400,INO
2021-10-27,6.900000095367432,6.980000019073486,6.769999980926514,6.789999961853027,6.789999961853027,2049500,INO
2021-10-28,6.800000190734863,7.320000171661377,6.679999828338623,7.289999961853027,7.289999961853027,4018200,INO
2021-10-29,7.28000020980835,7.380000114440918,7.070000171661377,7.139999866485596,7.139999866485596,2387700,INO
2021-11-01,7.010000228881836,7.369999885559082,6.96999979019165,7.28000020980835,7.28000020980835,3126400,INO
2021-11-02,7.289999961853027,7.369999885559082,7.119999885559082,7.360000133514404,7.360000133514404,2534300,INO
2021-11-03,7.409999847412109,7.46999979019165,7.230000019073486,7.460000038146973,7.460000038146973,3096700,INO
2021-11-04,7.400000095367432,7.409999847412109,7.039999961853027,7.079999923706055,7.079999923706055,3216900,INO
2021-11-05,6.900000095367432,7.130000114440918,6.570000171661377,6.690000057220459,6.690000057220459,6789900,INO
2021-11-08,6.659999847412109,6.78000020980835,6.570000171661377,6.739999771118164,6.739999771118164,3666200,INO
2021-11-09,7.0,7.539999961853027,6.869999885559082,7.050000190734863,7.050000190734863,10195300,INO
2021-11-10,7.110000133514404,7.550000190734863,6.96999979019165,7.119999885559082,7.119999885559082,7995100,INO
2021-11-11,7.130000114440918,7.309999942779541,7.039999961853027,7.21999979019165,7.21999979019165,4052900,INO
2021-11-12,7.25,7.360000133514404,7.159999847412109,7.349999904632568,7.349999904632568,2984000,INO
2021-11-15,7.480000019073486,7.619999885559082,7.190000057220459,7.340000152587891,7.340000152587891,4693900,INO
2021-11-16,7.260000228881836,7.409999847412109,7.130000114440918,7.320000171661377,7.320000171661377,3125300,INO
2021-11-17,7.28000020980835,7.53000020980835,7.170000076293945,7.400000095367432,7.400000095367432,4611800,INO
2021-11-18,7.400000095367432,7.429999828338623,7.119999885559082,7.199999809265137,7.199999809265137,3090700,INO
2021-11-19,7.159999847412109,7.460000038146973,7.119999885559082,7.349999904632568,7.349999904632568,3321400,INO
2021-11-22,7.369999885559082,7.389999866485596,7.039999961853027,7.170000076293945,7.170000076293945,3436400,INO
2021-11-23,7.099999904632568,7.139999866485596,6.670000076293945,6.900000095367432,6.900000095367432,4498800,INO
2021-11-24,6.78000020980835,6.96999979019165,6.679999828338623,6.920000076293945,6.920000076293945,2412300,INO
2021-11-26,7.170000076293945,7.769999980926514,7.090000152587891,7.25,7.25,7296500,INO
2021-11-29,7.630000114440918,7.659999847412109,7.21999979019165,7.289999961853027,7.289999961853027,5337700,INO
2021-11-30,6.929999828338623,7.329999923706055,6.909999847412109,7.239999771118164,7.239999771118164,6596500,INO
2021-12-01,7.199999809265137,7.210000038146973,6.599999904632568,6.599999904632568,6.599999904632568,5905200,INO
2021-12-02,6.550000190734863,7.099999904632568,6.380000114440918,6.610000133514404,6.610000133514404,4325000,INO
2021-12-03,6.650000095367432,6.679999828338623,6.119999885559082,6.170000076293945,6.170000076293945,5062300,INO
2021-12-06,6.039999961853027,6.119999885559082,5.75,6.099999904632568,6.099999904632568,5905800,INO
2021-12-07,6.25,6.659999847412109,6.179999828338623,6.53000020980835,6.53000020980835,4861600,INO
2021-12-08,6.53000020980835,6.739999771118164,6.320000171661377,6.639999866485596,6.639999866485596,3676500,INO
2021-12-09,6.630000114440918,6.699999809265137,6.260000228881836,6.269999980926514,6.269999980926514,3220800,INO
2021-12-10,6.25,6.320000171661377,6.0,6.039999961853027,6.039999961853027,3769800,INO
2021-12-13,6.070000171661377,6.28000020980835,5.929999828338623,6.119999885559082,6.119999885559082,4050000,INO
2021-12-14,5.989999771118164,6.03000020980835,5.860000133514404,5.909999847412109,5.909999847412109,3775500,INO
2021-12-15,5.900000095367432,6.110000133514404,5.590000152587891,6.079999923706055,6.079999923706055,4782300,INO
2021-12-16,6.139999866485596,6.159999847412109,5.889999866485596,5.989999771118164,5.989999771118164,3873900,INO
2021-12-17,5.949999809265137,6.53000020980835,5.900000095367432,6.5,6.5,10678400,INO
2021-12-20,6.46999979019165,6.480000019073486,6.130000114440918,6.28000020980835,6.28000020980835,5023300,INO
2021-12-21,6.260000228881836,6.28000020980835,6.0,6.119999885559082,6.119999885559082,4259800,INO
2021-12-22,6.010000228881836,6.170000076293945,5.940000057220459,5.989999771118164,5.989999771118164,4365800,INO
2021-12-23,5.949999809265137,6.139999866485596,5.820000171661377,6.079999923706055,6.079999923706055,4017300,INO
2021-12-27,6.0,6.039999961853027,5.71999979019165,5.71999979019165,5.71999979019165,5540800,INO
2021-12-28,5.550000190734863,5.730000019073486,5.340000152587891,5.349999904632568,5.349999904632568,6525700,INO
2021-12-29,5.320000171661377,5.349999904632568,5.139999866485596,5.199999809265137,5.199999809265137,5449100,INO
2021-12-30,5.159999847412109,5.429999828338623,5.159999847412109,5.190000057220459,5.190000057220459,5590600,INO
2021-12-31,5.190000057220459,5.230000019073486,4.989999771118164,4.989999771118164,4.989999771118164,7306300,INO
2022-01-03,5.03000020980835,5.260000228881836,4.920000076293945,5.199999809265137,5.199999809265137,5840300,INO
2022-01-04,5.139999866485596,5.269999980926514,4.929999828338623,5.019999980926514,5.019999980926514,4038000,INO
2022-01-05,5.019999980926514,5.150000095367432,4.659999847412109,4.670000076293945,4.670000076293945,5646900,INO
2022-01-06,4.690000057220459,4.820000171661377,4.46999979019165,4.650000095367432,4.650000095367432,5468600,INO
2022-01-07,4.670000076293945,4.809999942779541,4.590000152587891,4.610000133514404,4.610000133514404,3313700,INO
2022-01-10,4.610000133514404,4.829999923706055,4.5,4.800000190734863,4.800000190734863,3705400,INO
2022-01-11,4.75,4.929999828338623,4.710000038146973,4.889999866485596,4.889999866485596,2456700,INO
2022-01-12,4.900000095367432,4.989999771118164,4.789999961853027,4.789999961853027,4.789999961853027,3033800,INO
2022-01-13,4.829999923706055,4.880000114440918,4.590000152587891,4.610000133514404,4.610000133514404,2928400,INO
2022-01-14,4.550000190734863,4.769999980926514,4.510000228881836,4.75,4.75,4936600,INO
2022-01-18,4.659999847412109,4.679999828338623,4.269999980926514,4.28000020980835,4.28000020980835,5589200,INO
2022-01-19,4.269999980926514,4.369999885559082,4.170000076293945,4.190000057220459,4.190000057220459,3569300,INO
2022-01-20,4.21999979019165,4.340000152587891,4.090000152587891,4.099999904632568,4.099999904632568,3701200,INO
2022-01-21,4.150000095367432,4.340000152587891,3.920000076293945,3.920000076293945,3.920000076293945,6318300,INO
2022-01-24,3.809999942779541,3.9600000381469727,3.470000028610229,3.920000076293945,3.920000076293945,7467700,INO
2022-01-25,3.819999933242798,4.110000133514404,3.7799999713897705,4.039999961853027,4.039999961853027,4195100,INO
2022-01-26,4.150000095367432,4.320000171661377,3.920000076293945,3.940000057220459,3.940000057220459,5101100,INO
2022-01-27,4.039999961853027,4.079999923706055,3.700000047683716,3.7200000286102295,3.7200000286102295,4171100,INO
2022-01-28,3.690000057220459,3.890000104904175,3.609999895095825,3.880000114440918,3.880000114440918,3736800,INO
2022-01-31,3.890000104904175,4.179999828338623,3.849999904632568,4.139999866485596,4.139999866485596,5080500,INO
2022-02-01,4.199999809265137,4.28000020980835,4.010000228881836,4.130000114440918,4.130000114440918,4107400,INO
2022-02-02,4.139999866485596,4.139999866485596,3.819999933242798,3.829999923706055,3.829999923706055,4655800,INO
2022-02-03,3.809999942779541,3.829999923706055,3.5799999237060547,3.5899999141693115,3.5899999141693115,4945500,INO
2022-02-04,3.619999885559082,3.7899999618530273,3.569999933242798,3.759999990463257,3.759999990463257,3682800,INO
2022-02-07,3.7200000286102295,3.880000114440918,3.7200000286102295,3.799999952316284,3.799999952316284,2746800,INO
2022-02-08,3.759999990463257,3.799999952316284,3.5999999046325684,3.660000085830689,3.660000085830689,3506400,INO
2022-02-09,3.7200000286102295,3.890000104904175,3.700000047683716,3.869999885559082,3.869999885559082,4404600,INO
2022-02-10,3.75,3.849999904632568,3.5199999809265137,3.539999961853028,3.539999961853028,7142800,INO
2022-02-11,3.5899999141693115,3.609999895095825,3.2699999809265137,3.319999933242798,3.319999933242798,6821400,INO
2022-02-14,3.319999933242798,3.369999885559082,3.2100000381469727,3.259999990463257,3.259999990463257,4445300,INO
2022-02-15,3.3499999046325684,3.4800000190734863,3.3299999237060547,3.4600000381469727,3.4600000381469727,5369800,INO
2022-02-16,3.380000114440918,3.470000028610229,3.359999895095825,3.4200000762939453,3.4200000762939453,2637700,INO
2022-02-17,3.369999885559082,3.400000095367432,3.2300000190734863,3.240000009536743,3.240000009536743,3075900,INO
2022-02-18,3.2699999809265137,3.299999952316284,3.140000104904175,3.180000066757202,3.180000066757202,2940700,INO
2022-02-22,3.0999999046325684,3.2300000190734863,3.0999999046325684,3.109999895095825,3.109999895095825,3716100,INO
2022-02-23,3.180000066757202,3.180000066757202,2.970000028610229,2.970000028610229,2.970000028610229,4528500,INO
2022-02-24,2.789999961853028,3.2300000190734863,2.759999990463257,3.2300000190734863,3.2300000190734863,5730100,INO
2022-02-25,3.200000047683716,3.2300000190734863,3.069999933242798,3.220000028610229,3.220000028610229,2739700,INO
2022-02-28,3.200000047683716,3.2699999809265137,3.109999895095825,3.240000009536743,3.240000009536743,3731800,INO
2022-03-01,3.2699999809265137,3.309999942779541,3.1600000858306885,3.240000009536743,3.240000009536743,3537100,INO
2022-03-02,3.0,3.0799999237060547,2.799999952316284,3.049999952316284,3.049999952316284,6893900,INO
2022-03-03,3.009999990463257,3.109999895095825,2.9800000190734863,3.109999895095825,3.109999895095825,6296400,INO
2022-03-04,3.049999952316284,3.1700000762939453,3.039999961853028,3.109999895095825,3.109999895095825,4748200,INO
2022-03-07,3.059999942779541,3.220000028610229,3.039999961853028,3.1600000858306885,3.1600000858306885,4441200,INO
2022-03-08,3.119999885559082,3.390000104904175,3.069999933242798,3.259999990463257,3.259999990463257,3991300,INO
2022-03-09,3.3299999237060547,3.450000047683716,3.289999961853028,3.430000066757202,3.430000066757202,3967900,INO
2022-03-10,3.359999895095825,3.430000066757202,3.299999952316284,3.4100000858306885,3.4100000858306885,2896000,INO
2022-03-11,3.4100000858306885,3.4600000381469727,3.220000028610229,3.220000028610229,3.220000028610229,2941900,INO
2022-03-14,3.2300000190734863,3.3499999046325684,3.0,3.0199999809265137,3.0199999809265137,6235100,INO
2022-03-15,3.069999933242798,3.1700000762939453,3.0199999809265137,3.140000104904175,3.140000104904175,4023900,INO
2022-03-16,3.1600000858306885,3.299999952316284,3.140000104904175,3.299999952316284,3.299999952316284,5090000,INO
2022-03-17,3.2699999809265137,3.5299999713897705,3.2300000190734863,3.5299999713897705,3.5299999713897705,6067500,INO
2022-03-18,3.5199999809265137,3.7699999809265137,3.4800000190734863,3.759999990463257,3.759999990463257,26266300,INO
2022-03-21,3.799999952316284,3.829999923706055,3.539999961853028,3.630000114440918,3.630000114440918,5671300,INO
2022-03-22,3.660000085830689,3.869999885559082,3.609999895095825,3.75,3.75,6719000,INO
2022-03-23,3.660000085830689,3.7699999809265137,3.609999895095825,3.650000095367432,3.650000095367432,3647700,INO
2022-03-24,3.7200000286102295,3.7699999809265137,3.630000114440918,3.759999990463257,3.759999990463257,3135100,INO
2022-03-25,3.7699999809265137,3.7799999713897705,3.5999999046325684,3.630000114440918,3.630000114440918,6700700,INO
2022-03-28,3.650000095367432,3.740000009536743,3.5299999713897705,3.569999933242798,3.569999933242798,3755800,INO
2022-03-29,3.630000114440918,3.819999933242798,3.630000114440918,3.819999933242798,3.819999933242798,4410900,INO
2022-03-30,3.7799999713897705,3.859999895095825,3.630000114440918,3.650000095367432,3.650000095367432,4905400,INO
2022-03-31,3.700000047683716,3.700000047683716,3.5799999237060547,3.5899999141693115,3.5899999141693115,1905700,INO
2022-04-01,3.609999895095825,3.819999933242798,3.509999990463257,3.799999952316284,3.799999952316284,5129800,INO
2022-04-04,3.799999952316284,3.990000009536743,3.7300000190734863,3.9800000190734863,3.9800000190734863,4016300,INO
2022-04-05,3.950000047683716,4.0,3.75,3.75,3.75,5485800,INO
2022-04-06,3.680000066757202,3.759999990463257,3.5799999237060547,3.690000057220459,3.690000057220459,4142700,INO
2022-04-07,3.650000095367432,3.7100000381469727,3.400000095367432,3.400000095367432,3.400000095367432,4176400,INO
2022-04-08,3.400000095367432,3.430000066757202,3.2699999809265137,3.2699999809265137,3.2699999809265137,3904600,INO
2022-04-11,3.25,3.2699999809265137,3.1600000858306885,3.1700000762939453,3.1700000762939453,3145400,INO
2022-04-12,3.2300000190734863,3.309999942779541,3.150000095367432,3.2100000381469727,3.2100000381469727,2718800,INO
2022-04-13,3.240000009536743,3.450000047683716,3.220000028610229,3.4200000762939453,3.4200000762939453,4252400,INO
2022-04-14,3.4200000762939453,3.4200000762939453,3.200000047683716,3.200000047683716,3.200000047683716,2943100,INO
2022-04-18,3.220000028610229,3.2300000190734863,2.9600000381469727,2.970000028610229,2.970000028610229,3863500,INO
2022-04-19,3.0199999809265137,3.109999895095825,2.940000057220459,3.039999961853028,3.039999961853028,2999800,INO
2022-04-20,3.0199999809265137,3.059999942779541,2.9600000381469727,2.9749999046325684,2.9749999046325684,421325,INO
